1.365172211080789566e-02,2.675148472189903259e-02,5.370278377085924149e-03,-9.995344877243041992e-01
1.372475549578666687e-02,2.677364461123943329e-02,5.308642052114009857e-03,-9.995332360267639160e-01
1.368541084229946136e-02,2.677623927593231201e-02,5.246852990239858627e-03,-9.995340704917907715e-01
1.364107057452201843e-02,2.678214199841022491e-02,5.267306696623563766e-03,-9.995343089103698730e-01
1.375326421111822128e-02,2.678442001342773438e-02,5.339603871107101440e-03,-9.995324015617370605e-01
1.374162826687097549e-02,-2.677570655941963196e-02,-5.384259857237339020e-03,-9.995325803756713867e-01
1.374971587210893631e-02,-2.677021734416484833e-02,-5.388028454035520554e-03,-9.995325207710266113e-01
1.378849241882562637e-02,2.678399160504341125e-02,5.345755256712436676e-03,-9.995319247245788574e-01
1.379009895026683807e-02,2.677124552428722382e-02,5.367709789425134659e-03,-9.995320439338684082e-01
1.381627190858125687e-02,2.677742950618267059e-02,5.362960044294595718e-03,-9.995315670967102051e-01
1.383297238498926163e-02,2.678603306412696838e-02,5.328766535967588425e-03,-9.995312690734863281e-01
1.378058083355426788e-02,2.680252119898796082e-02,5.222993437200784683e-03,-9.995321631431579590e-01
1.359779294580221176e-02,2.684046328067779541e-02,5.093718413263559341e-03,-9.995342493057250977e-01
1.355254091322422028e-02,2.685083448886871338e-02,4.992027767002582550e-03,-9.995350837707519531e-01
1.350383553653955460e-02,2.682287804782390594e-02,4.975583404302597046e-03,-9.995366334915161133e-01
1.353875827044248581e-02,2.683056890964508057e-02,4.966585896909236908e-03,-9.995360374450683594e-01
1.357035618275403976e-02,2.682121098041534424e-02,4.893347155302762985e-03,-9.995361566543579102e-01
1.352182216942310333e-02,2.679662592709064484e-02,4.767258651554584503e-03,-9.995381236076354980e-01
1.347489748150110245e-02,2.678798511624336243e-02,4.717661999166011810e-03,-9.995391964912414551e-01
1.347535382956266403e-02,2.679028548300266266e-02,4.672089591622352600e-03,-9.995393157005310059e-01
1.348048541694879532e-02,2.679215930402278900e-02,4.690054338425397873e-03,-9.995391964912414551e-01
1.351915765553712845e-02,2.679774537682533264e-02,4.686099942773580551e-03,-9.995384812355041504e-01
1.347007323056459427e-02,2.680310234427452087e-02,4.651757888495922089e-03,-9.995391964912414551e-01
1.343025267124176025e-02,2.680184319615364075e-02,4.608870949596166611e-03,-9.995399713516235352e-01
1.345606241375207901e-02,-2.682159841060638428e-02,-4.568487405776977539e-03,-9.995391964912414551e-01
1.346975471824407578e-02,-2.682378143072128296e-02,-4.618418868631124496e-03,-9.995387792587280273e-01
1.349190808832645416e-02,2.683911658823490143e-02,4.653710871934890747e-03,-9.995379447937011719e-01
1.349145080894231796e-02,2.684875577688217163e-02,4.646401386708021164e-03,-9.995377063751220703e-01
1.348767336457967758e-02,2.684891223907470703e-02,4.647458903491497040e-03,-9.995377063751220703e-01
1.351146027445793152e-02,2.683960460126399994e-02,4.674200434237718582e-03,-9.995374679565429688e-01
1.216412335634231567e-02,2.687368728220462799e-02,3.603694727644324303e-03,-9.995583891868591309e-01
1.233121100813150406e-02,2.686075307428836823e-02,3.670166479423642159e-03,-9.995564222335815430e-01
1.252194680273532867e-02,2.685439959168434143e-02,3.742091823369264603e-03,-9.995539188385009766e-01
1.276088040322065353e-02,2.662121318280696869e-02,4.498189780861139297e-03,-9.995540976524353027e-01
1.304876059293746948e-02,2.669292129576206207e-02,4.744250793009996414e-03,-9.995473623275756836e-01
1.302654296159744263e-02,2.661534398794174194e-02,4.768008366227149963e-03,-9.995495676994323730e-01
1.299506239593029022e-02,2.667547389864921570e-02,4.746799357235431671e-03,-9.995484948158264160e-01
1.473863981664180756e-02,2.677392214536666870e-02,4.087802488356828690e-03,-9.995245933532714844e-01
1.409604959189891815e-02,2.681924402713775635e-02,4.253286868333816528e-03,-9.995319247245788574e-01
1.359793636947870255e-02,2.680956013500690460e-02,4.364631604403257370e-03,-9.995385408401489258e-01
1.340926811099052429e-02,2.682302892208099365e-02,4.308579955250024796e-03,-9.995409846305847168e-01
1.355640869587659836e-02,2.681291103363037109e-02,4.314546007663011551e-03,-9.995392560958862305e-01
1.344118174165487289e-02,2.688123658299446106e-02,4.342608153820037842e-03,-9.995388984680175781e-01
1.325082406401634216e-02,2.706306986510753632e-02,4.371109418570995331e-03,-9.995363950729370117e-01
1.476612128317356110e-02,2.789641544222831726e-02,3.669425146654248238e-03,-9.994950890541076660e-01
1.460724230855703354e-02,2.677312679588794708e-02,3.994931466877460480e-03,-9.995269179344177246e-01
1.472656987607479095e-02,-2.676893770694732666e-02,-3.953371662646532059e-03,-9.995254278182983398e-01
1.467633526772260666e-02,2.721200138330459595e-02,3.891542088240385056e-03,-9.995144605636596680e-01
1.463148090988397598e-02,2.720445953309535980e-02,3.912973683327436447e-03,-9.995151758193969727e-01
1.464331615716218948e-02,-2.720550447702407837e-02,-3.916907124221324921e-03,-9.995149970054626465e-01
1.464263442903757095e-02,2.720022201538085938e-02,3.940663300454616547e-03,-9.995149970054626465e-01
1.464764308184385300e-02,2.719945088028907776e-02,3.943469841033220291e-03,-9.995149970054626465e-01
1.462395023554563522e-02,-2.719925343990325928e-02,-3.939774818718433380e-03,-9.995153546333312988e-01
1.459976192563772202e-02,2.719429135322570801e-02,3.971061203628778458e-03,-9.995157122611999512e-01
1.464111730456352234e-02,2.719338610768318176e-02,3.958069253712892532e-03,-9.995151758193969727e-01
1.466191280633211136e-02,2.718534134328365326e-02,3.958948422223329544e-03,-9.995150566101074219e-01
1.463310606777667999e-02,2.717723697423934937e-02,3.979049623012542725e-03,-9.995156526565551758e-01
1.465720590204000473e-02,2.717066369950771332e-02,3.976786974817514420e-03,-9.995155334472656250e-01
1.464467309415340424e-02,2.717275917530059814e-02,3.978747874498367310e-03,-9.995155930519104004e-01
1.467879768460988998e-02,2.715657465159893036e-02,3.986469004303216934e-03,-9.995155334472656250e-01
1.467995531857013702e-02,2.715971879661083221e-02,3.980012144893407822e-03,-9.995154738426208496e-01
1.468750089406967163e-02,2.716138772666454315e-02,3.981849644333124161e-03,-9.995152950286865234e-01
1.468839589506387711e-02,2.715304493904113770e-02,3.992230631411075592e-03,-9.995154142379760742e-01
1.474517397582530975e-02,2.715898863971233368e-02,4.007290583103895187e-03,-9.995144009590148926e-01
1.477054599672555923e-02,2.716715075075626373e-02,3.991702105849981308e-03,-9.995138645172119141e-01
1.477060094475746155e-02,2.716811560094356537e-02,3.987891133874654770e-03,-9.995138049125671387e-01
1.480778492987155914e-02,2.717064693570137024e-02,3.992907237261533737e-03,-9.995131492614746094e-01
1.478917896747589111e-02,2.716472372412681580e-02,3.974069375544786453e-03,-9.995136857032775879e-01
1.477654557675123215e-02,2.716138958930969238e-02,3.997103311121463776e-03,-9.995139241218566895e-01
1.489112433046102524e-02,2.718596905469894409e-02,3.976644482463598251e-03,-9.995115399360656738e-01
1.477890927344560623e-02,2.717228233814239502e-02,4.030788782984018326e-03,-9.995134472846984863e-01
1.482291333377361298e-02,2.718146890401840210e-02,4.008033778518438339e-03,-9.995126724243164062e-01
1.486773043870925903e-02,2.718811482191085815e-02,4.021313041448593140e-03,-9.995116591453552246e-01
1.516665704548358917e-02,2.718350291252136230e-02,3.957414533942937851e-03,-9.995076060295104980e-01
1.503554824739694595e-02,2.674749121069908142e-02,4.055006429553031921e-03,-9.995208978652954102e-01
1.500791218131780624e-02,2.674725651741027832e-02,4.024949390441179276e-03,-9.995215535163879395e-01
1.497553102672100067e-02,2.675842307507991791e-02,4.043584689497947693e-03,-9.995215535163879395e-01
1.495204027742147446e-02,2.675163373351097107e-02,4.045045934617519379e-03,-9.995220899581909180e-01
1.495616231113672256e-02,2.674926817417144775e-02,4.022887442260980606e-03,-9.995222687721252441e-01
1.494285650551319122e-02,2.674557641148567200e-02,4.003707785159349442e-03,-9.995225667953491211e-01
1.489034947007894516e-02,2.675206772983074188e-02,4.014284815639257431e-03,-9.995231032371520996e-01
1.488380040973424911e-02,2.675241045653820038e-02,3.993378020823001862e-03,-9.995232820510864258e-01
1.485924422740936279e-02,2.676041796803474426e-02,3.976081963628530502e-03,-9.995235204696655273e-01
1.485435105860233307e-02,2.677169069647789001e-02,3.970932215452194214e-03,-9.995234012603759766e-01
1.546988170593976974e-02,2.657901495695114136e-02,4.939130041748285294e-03,-9.995148777961730957e-01
1.563968881964683533e-02,2.665636874735355377e-02,4.837481770664453506e-03,-9.995105862617492676e-01
1.555618736892938614e-02,2.665648423135280609e-02,4.448528867214918137e-03,-9.995136857032775879e-01
1.484560687094926834e-02,2.672481350600719452e-02,4.400368779897689819e-03,-9.995229244232177734e-01
1.492073386907577515e-02,2.675396576523780823e-02,4.245793912559747696e-03,-9.995216727256774902e-01
1.476211007684469223e-02,2.676063403487205505e-02,4.101371392607688904e-03,-9.995244741439819336e-01
1.469002850353717804e-02,2.674321644008159637e-02,4.169969819486141205e-03,-9.995256662368774414e-01
1.472340803593397141e-02,2.675159834325313568e-02,4.141607787460088730e-03,-9.995251297950744629e-01
1.471680123358964920e-02,2.673074603080749512e-02,4.343272652477025986e-03,-9.995249509811401367e-01
1.483999937772750854e-02,2.670804597437381744e-02,4.492050036787986755e-03,-9.995231032371520996e-01
1.484559196978807449e-02,2.671988494694232941e-02,4.547269549220800400e-03,-9.995223879814147949e-01
1.534921582788228989e-02,2.663400955498218536e-02,4.576514475047588348e-03,-9.995170235633850098e-01
1.539036631584167480e-02,2.664030902087688446e-02,4.498046357184648514e-03,-9.995164871215820312e-01
1.530271302908658981e-02,2.664680778980255127e-02,4.543736111372709274e-03,-9.995174407958984375e-01
1.547683216631412506e-02,2.663091011345386505e-02,4.640694241970777512e-03,-9.995147585868835449e-01
1.546659879386425018e-02,2.664317004382610321e-02,4.539052490144968033e-03,-9.995150566101074219e-01
1.551690325140953064e-02,2.669165842235088348e-02,4.663672763854265213e-03,-9.995124340057373047e-01
1.542636100202798843e-02,2.669311687350273132e-02,4.767124541103839874e-03,-9.995133280754089355e-01
1.546546444296836853e-02,2.674546651542186737e-02,4.648239817470312119e-03,-9.995118379592895508e-01
1.615543849766254425e-02,2.693237736821174622e-02,3.979670815169811249e-03,-9.994987845420837402e-01
1.610397920012474060e-02,2.693102508783340454e-02,4.148566164076328278e-03,-9.994989633560180664e-01
1.554975286126136780e-02,2.701990678906440735e-02,3.947846125811338425e-03,-9.995061755180358887e-01
1.430447865277528763e-02,2.737371437251567841e-02,4.198176320642232895e-03,-9.995141029357910156e-01
1.432371232658624649e-02,2.733468264341354370e-02,4.243114963173866272e-03,-9.995146989822387695e-01
1.449021883308887482e-02,2.723574638366699219e-02,4.418477881699800491e-03,-9.995142817497253418e-01
1.499624270945787430e-02,2.705354616045951843e-02,5.031341221183538437e-03,-9.995088577270507812e-01
1.468307245522737503e-02,2.712560817599296570e-02,4.783215932548046112e-03,-9.995127916336059570e-01
1.475315727293491364e-02,2.716324850916862488e-02,4.803957883268594742e-03,-9.995106458663940430e-01
1.489376090466976166e-02,2.711171843111515045e-02,5.178706254810094833e-03,-9.995080828666687012e-01
1.499421242624521255e-02,2.711366117000579834e-02,5.243181716650724411e-03,-9.995061755180358887e-01
1.514806784689426422e-02,2.704350836575031281e-02,5.622925702482461929e-03,-9.995037317276000977e-01
1.495588757097721100e-02,2.707064524292945862e-02,5.446416325867176056e-03,-9.995068311691284180e-01
1.509906165301799774e-02,2.704133838415145874e-02,5.717673338949680328e-03,-9.995039701461791992e-01
1.532663498073816299e-02,2.705457061529159546e-02,5.899566225707530975e-03,-9.994991421699523926e-01
1.560089923441410065e-02,2.714449912309646606e-02,6.125603802502155304e-03,-9.994910955429077148e-01
1.570350490510463715e-02,-2.712351456284523010e-02,-6.414040923118591309e-03,-9.994882345199584961e-01
1.576486229896545410e-02,2.718006446957588196e-02,6.241363938897848129e-03,-9.994867444038391113e-01
1.553982030600309372e-02,2.720490097999572754e-02,5.860512610524892807e-03,-9.994919896125793457e-01
1.523074228316545486e-02,2.717231586575508118e-02,5.756812635809183121e-03,-9.994982481002807617e-01
1.502357143908739090e-02,2.716895937919616699e-02,5.381556227803230286e-03,-9.995034933090209961e-01
1.458231639117002487e-02,2.722053788602352142e-02,4.773053806275129318e-03,-9.995117783546447754e-01
1.446965988725423813e-02,2.712366543710231781e-02,5.025452002882957458e-03,-9.995147585868835449e-01
1.456182263791561127e-02,2.710518613457679749e-02,5.078102461993694305e-03,-9.995136260986328125e-01
1.448016613721847534e-02,2.710402384400367737e-02,5.057384259998798370e-03,-9.995149374008178711e-01
1.438361126929521561e-02,2.704794332385063171e-02,5.162386689335107803e-03,-9.995173811912536621e-01
1.440909970551729202e-02,2.708187885582447052e-02,5.183064378798007965e-03,-9.995159506797790527e-01
1.442933082580566406e-02,2.703675441443920135e-02,5.460536107420921326e-03,-9.995154738426208496e-01
1.461064629256725311e-02,2.683596126735210419e-02,5.525355227291584015e-03,-9.995178580284118652e-01
1.304172817617654800e-02,2.702925167977809906e-02,4.346320405602455139e-03,-9.995401501655578613e-01
1.298549119383096695e-02,2.703024446964263916e-02,4.056997131556272507e-03,-9.995420575141906738e-01
1.300294790416955948e-02,2.696596458554267883e-02,4.235022701323032379e-03,-9.995427727699279785e-01
1.295157801359891891e-02,2.694719098508358002e-02,3.782874206081032753e-03,-9.995458722114562988e-01
1.285952702164649963e-02,2.694832906126976013e-02,3.387160599231719971e-03,-9.995483756065368652e-01
1.294591557234525681e-02,2.692889608442783356e-02,3.890798892825841904e-03,-9.995459914207458496e-01
1.320369448512792587e-02,2.687248401343822479e-02,3.915731329470872879e-03,-9.995440244674682617e-01
1.289795432239770889e-02,2.696884423494338989e-02,3.244629595428705215e-03,-9.995477795600891113e-01
1.294940523803234100e-02,2.688835188746452332e-02,3.648359561339020729e-03,-9.995479583740234375e-01
1.306438725441694260e-02,2.690084464848041534e-02,3.628691425547003746e-03,-9.995461702346801758e-01
1.325645949691534042e-02,2.693426236510276794e-02,3.374791936948895454e-03,-9.995436668395996094e-01
1.311226096004247665e-02,2.693217992782592773e-02,3.557768883183598518e-03,-9.995449185371398926e-01
1.311788335442543030e-02,2.689514122903347015e-02,3.664214862510561943e-03,-9.995454549789428711e-01
1.286194100975990295e-02,2.695937454700469971e-02,3.362844698131084442e-03,-9.995481967926025391e-01
1.297955960035324097e-02,2.690205723047256470e-02,3.624057397246360779e-03,-9.995473027229309082e-01
1.305278111249208450e-02,2.693792060017585754e-02,3.398957895115017891e-03,-9.995461106300354004e-01
1.292816828936338425e-02,2.694317698478698730e-02,3.286366816610097885e-03,-9.995479583740234375e-01
1.295860484242439270e-02,2.687313593924045563e-02,3.166033420711755753e-03,-9.995499253273010254e-01
1.296603307127952576e-02,2.685345709323883057e-02,3.318580565974116325e-03,-9.995498657226562500e-01
1.300923433154821396e-02,2.684697322547435760e-02,3.311116015538573265e-03,-9.995494484901428223e-01
1.421968266367912292e-02,2.677471004426479340e-02,4.180171061307191849e-03,-9.995316863059997559e-01
1.399493310600519180e-02,2.670098841190338135e-02,4.269010853022336960e-03,-9.995364546775817871e-01
1.401337236166000366e-02,2.665615454316139221e-02,4.220001865178346634e-03,-9.995375275611877441e-01
1.402709446847438812e-02,2.672972157597541809e-02,4.333405289798974991e-03,-9.995349049568176270e-01
1.423892285674810410e-02,2.668112330138683319e-02,4.598693456500768661e-03,-9.995320439338684082e-01
1.467354968190193176e-02,2.666151337325572968e-02,4.674331285059452057e-03,-9.995259642601013184e-01
1.503451820462942123e-02,2.657407522201538086e-02,5.134982056915760040e-03,-9.995205998420715332e-01
1.270039752125740051e-02,2.691917121410369873e-02,3.384320763871073723e-03,-9.995512366294860840e-01
1.260151248425245285e-02,2.694995701313018799e-02,3.046066034585237503e-03,-9.995527267456054688e-01
1.241417415440082550e-02,2.695391885936260223e-02,3.083070041611790657e-03,-9.995549321174621582e-01
1.238358672708272934e-02,2.690629847347736359e-02,3.351170103996992111e-03,-9.995556473731994629e-01
1.257973443716764450e-02,-2.697576023638248444e-02,-2.881376072764396667e-03,-9.995528459548950195e-01
1.254363171756267548e-02,2.696270309388637543e-02,3.078804351389408112e-03,-9.995530843734741211e-01
1.244218926876783371e-02,2.690599299967288971e-02,3.374444320797920227e-03,-9.995549321174621582e-01
1.266905851662158966e-02,2.693613246083259583e-02,2.756664762273430824e-03,-9.995531439781188965e-01
1.236546318978071213e-02,2.695415169000625610e-02,2.790321595966815948e-03,-9.995563030242919922e-01
1.217620819807052612e-02,2.696339227259159088e-02,3.363455412909388542e-03,-9.995566010475158691e-01
1.239505317062139511e-02,2.703980170190334320e-02,2.936257980763912201e-03,-9.995532035827636719e-01
1.237417198717594147e-02,-2.703031525015830994e-02,-2.809268422424793243e-03,-9.995541572570800781e-01
1.225083228200674057e-02,2.698254026472568512e-02,3.187315538525581360e-03,-9.995557665824890137e-01
1.234561484307050705e-02,2.696663886308670044e-02,2.848322270438075066e-03,-9.995561242103576660e-01
1.243818271905183792e-02,2.699644863605499268e-02,2.721866592764854431e-03,-9.995544552803039551e-01
1.252135820686817169e-02,2.703171037137508392e-02,3.018633462488651276e-03,-9.995516538619995117e-01
1.269446220248937607e-02,2.709751762449741364e-02,2.864100970327854156e-03,-9.995481371879577637e-01
1.269694417715072632e-02,2.708544209599494934e-02,2.765960060060024261e-03,-9.995486736297607422e-01
1.270861923694610596e-02,2.710932120680809021e-02,2.886157482862472534e-03,-9.995475411415100098e-01
1.259376853704452515e-02,2.732219547033309937e-02,2.545851515606045723e-03,-9.995441436767578125e-01
1.170510798692703247e-02,2.766822092235088348e-02,1.590148662216961384e-03,-9.995474219322204590e-01
1.173790451139211655e-02,2.770378440618515015e-02,1.649615354835987091e-03,-9.995459318161010742e-01
1.179757807403802872e-02,2.765707671642303467e-02,1.638592453673481941e-03,-9.995465874671936035e-01
1.193993724882602692e-02,2.767936326563358307e-02,1.486911205574870110e-03,-9.995445013046264648e-01
1.192803308367729187e-02,2.768896706402301788e-02,1.516289426945149899e-03,-9.995443224906921387e-01
1.173901464790105820e-02,2.768678590655326843e-02,1.550957676954567432e-03,-9.995465874671936035e-01
1.168549526482820511e-02,2.768524177372455597e-02,1.600055838935077190e-03,-9.995471239089965820e-01
1.173408143222332001e-02,2.768605761229991913e-02,1.575458678416907787e-03,-9.995465874671936035e-01
1.181981526315212250e-02,2.770332992076873779e-02,1.563959755003452301e-03,-9.995451569557189941e-01
1.193416118621826172e-02,2.770202048122882843e-02,1.459536026231944561e-03,-9.995439648628234863e-01
1.198729872703552246e-02,2.771071717143058777e-02,1.394444727338850498e-03,-9.995431303977966309e-01
1.178231555968523026e-02,2.771716564893722534e-02,1.449381699785590172e-03,-9.995453953742980957e-01
1.173060666769742966e-02,2.771163918077945709e-02,1.469621085561811924e-03,-9.995461106300354004e-01
1.170788705348968506e-02,2.770665287971496582e-02,1.518324948847293854e-03,-9.995464682579040527e-01
1.172692049294710159e-02,2.772854268550872803e-02,1.372723490931093693e-03,-9.995458126068115234e-01
1.172134280204772949e-02,2.774076722562313080e-02,1.343897194601595402e-03,-9.995456337928771973e-01
1.169502548873424530e-02,2.775237150490283966e-02,1.362071372568607330e-03,-9.995455145835876465e-01
1.166686788201332092e-02,2.775808982551097870e-02,1.397506799548864365e-03,-9.995456933975219727e-01
1.163586508482694626e-02,2.776245027780532837e-02,1.433130120858550072e-03,-9.995458722114562988e-01
1.158885285258293152e-02,2.778489515185356140e-02,1.314834109507501125e-03,-9.995458722114562988e-01
1.159197464585304260e-02,2.785967476665973663e-02,1.127913128584623337e-03,-9.995440244674682617e-01
1.170841418206691742e-02,2.789553068578243256e-02,1.162787899374961853e-03,-9.995415806770324707e-01
1.173642184585332870e-02,2.790460549294948578e-02,1.137510407716035843e-03,-9.995411038398742676e-01
1.168395020067691803e-02,2.789757028222084045e-02,1.220820005983114243e-03,-9.995417594909667969e-01
1.160324178636074066e-02,2.790479175746440887e-02,1.231816131621599197e-03,-9.995424747467041016e-01
1.158519089221954346e-02,2.791421860456466675e-02,1.150313997641205788e-03,-9.995425343513488770e-01
1.166627183556556702e-02,2.791819162666797638e-02,1.155167235992848873e-03,-9.995415210723876953e-01
1.159487292170524597e-02,2.792426012456417084e-02,1.242470811121165752e-03,-9.995419979095458984e-01
1.151145715266466141e-02,2.792589180171489716e-02,1.270757056772708893e-03,-9.995429515838623047e-01
1.158134359866380692e-02,2.790812402963638306e-02,1.503400504589080811e-03,-9.995422959327697754e-01
1.163202524185180664e-02,2.791152708232402802e-02,1.460588886402547359e-03,-9.995416402816772461e-01
1.173031050711870193e-02,2.795862033963203430e-02,1.254145172424614429e-03,-9.995395541191101074e-01
1.180063653737306595e-02,2.793839946389198303e-02,1.434045494534075260e-03,-9.995390176773071289e-01
1.165769807994365692e-02,2.792932651937007904e-02,1.635618275031447411e-03,-9.995406270027160645e-01
1.159488596022129059e-02,2.793994545936584473e-02,1.674411934800446033e-03,-9.995409846305847168e-01
1.164245791733264923e-02,2.794059738516807556e-02,1.597906113602221012e-03,-9.995405673980712891e-01
1.173559296876192093e-02,2.793971821665763855e-02,1.659933710470795631e-03,-9.995393753051757812e-01
1.173578668385744095e-02,2.798952348530292511e-02,1.722272252663969994e-03,-9.995378255844116211e-01
1.175917219370603561e-02,2.796204760670661926e-02,1.673655933700501919e-03,-9.995384216308593750e-01
1.193299796432256699e-02,2.799459546804428101e-02,1.638306654058396816e-03,-9.995355010032653809e-01
1.176703069359064102e-02,2.809591032564640045e-02,1.649607904255390167e-03,-9.995346069335937500e-01
1.174030639231204987e-02,2.810308523476123810e-02,1.804709318093955517e-03,-9.995344877243041992e-01
1.200489513576030731e-02,2.821890264749526978e-02,1.943710725754499435e-03,-9.995278120040893555e-01
1.201060134917497635e-02,2.826909162104129791e-02,1.926494529470801353e-03,-9.995263218879699707e-01
1.207249891012907028e-02,2.835451625287532806e-02,1.983542460948228836e-03,-9.995231032371520996e-01
1.217302773147821426e-02,2.835779450833797455e-02,2.082418417558073997e-03,-9.995215535163879395e-01
1.228437107056379318e-02,2.837659977376461029e-02,2.041266765445470810e-03,-9.995197653770446777e-01
1.224493142217397690e-02,2.836994268000125885e-02,2.207925077527761459e-03,-9.995201230049133301e-01
1.221779268234968185e-02,2.835103869438171387e-02,2.224529162049293518e-03,-9.995208978652954102e-01
1.222350727766752243e-02,2.837564982473850250e-02,2.100329380482435226e-03,-9.995203614234924316e-01
1.222254149615764618e-02,2.836138196289539337e-02,2.152622910216450691e-03,-9.995207786560058594e-01
1.213281694799661636e-02,-2.828978002071380615e-02,-2.123124431818723679e-03,-9.995238780975341797e-01
1.213673315942287445e-02,2.827224135398864746e-02,2.029588446021080017e-03,-9.995245337486267090e-01
1.197956316173076630e-02,2.824550494551658630e-02,2.015624660998582840e-03,-9.995272159576416016e-01
1.178170088678598404e-02,2.822770364582538605e-02,2.026654081419110298e-03,-9.995300173759460449e-01
1.174906268715858459e-02,2.822144888341426849e-02,2.018769970163702965e-03,-9.995306134223937988e-01
1.182978320866823196e-02,2.820542268455028534e-02,2.064181491732597351e-03,-9.995300769805908203e-01
1.187296397984027863e-02,2.821607887744903564e-02,2.122576115652918816e-03,-9.995290637016296387e-01
1.196240819990634918e-02,2.824969217181205750e-02,2.141778822988271713e-03,-9.995270967483520508e-01
1.213502511382102966e-02,2.833305485546588898e-02,2.272329293191432953e-03,-9.995223283767700195e-01
1.251419540494680405e-02,2.842582203447818756e-02,2.454387722536921501e-03,-9.995145797729492188e-01
1.297402661293745041e-02,2.857520058751106262e-02,2.723060548305511475e-03,-9.995037317276000977e-01
1.331965811550617218e-02,2.884171716868877411e-02,2.930934075266122818e-03,-9.994909763336181641e-01
1.291076280176639557e-02,2.901979908347129822e-02,2.548571210354566574e-03,-9.994922876358032227e-01
1.314428076148033142e-02,2.907218970358371735e-02,2.728877589106559753e-03,-9.994872212409973145e-01
1.336575578898191452e-02,2.911412902176380157e-02,2.801045076921582222e-03,-9.994828701019287109e-01
1.344281062483787537e-02,2.913293428719043732e-02,2.865876769647002220e-03,-9.994810819625854492e-01
1.354514993727207184e-02,2.913502231240272522e-02,2.940740901976823807e-03,-9.994793534278869629e-01
1.362688094377517700e-02,2.915801852941513062e-02,2.963925478979945183e-03,-9.994775652885437012e-01
1.376563496887683868e-02,2.905944921076297760e-02,3.040326060727238655e-03,-9.994782805442810059e-01
1.376238651573657990e-02,2.904163114726543427e-02,2.972924150526523590e-03,-9.994790554046630859e-01
1.368837989866733551e-02,2.898246422410011292e-02,2.931585069745779037e-03,-9.994818568229675293e-01
1.357110217213630676e-02,2.894464507699012756e-02,2.824470400810241699e-03,-9.994848966598510742e-01
1.338934339582920074e-02,2.892151847481727600e-02,2.761553972959518433e-03,-9.994882345199584961e-01
1.334626507014036179e-02,2.882230654358863831e-02,2.688624663278460503e-03,-9.994919300079345703e-01
1.324530877172946930e-02,2.881043031811714172e-02,2.552816178649663925e-03,-9.994938969612121582e-01
1.312073133885860443e-02,2.880174107849597931e-02,2.477786969393491745e-03,-9.994959831237792969e-01
1.316679641604423523e-02,2.872109971940517426e-02,2.541665686294436455e-03,-9.994975328445434570e-01
1.304297894239425659e-02,2.874465286731719971e-02,2.458562375977635384e-03,-9.994987249374389648e-01
1.300601195544004440e-02,2.872783318161964417e-02,2.389968605712056160e-03,-9.994998574256896973e-01
1.294389180839061737e-02,2.871399000287055969e-02,2.307031070813536644e-03,-9.995012879371643066e-01
1.287673693150281906e-02,2.870786003768444061e-02,2.206602133810520172e-03,-9.995024800300598145e-01
1.282806042581796646e-02,2.869893237948417664e-02,2.136163180693984032e-03,-9.995034933090209961e-01
1.278914045542478561e-02,2.870238386094570160e-02,2.077370649203658104e-03,-9.995040893554687500e-01
1.249428093433380127e-02,2.882917597889900208e-02,1.245429972186684608e-03,-9.995055794715881348e-01
1.269783545285463333e-02,2.916673943400382996e-02,1.285790815018117428e-03,-9.994931221008300781e-01
1.231263391673564911e-02,2.911116555333137512e-02,1.563993399031460285e-03,-9.994991421699523926e-01
1.210442464798688889e-02,2.910153195261955261e-02,1.575500122271478176e-03,-9.995020031929016113e-01
1.202795282006263733e-02,2.901901490986347198e-02,1.738935592584311962e-03,-9.995049834251403809e-01
1.201571617275476456e-02,2.904122881591320038e-02,1.792093855328857899e-03,-9.995044469833374023e-01
1.208264846354722977e-02,2.909705787897109985e-02,1.697173691354691982e-03,-9.995021224021911621e-01
1.194713264703750610e-02,2.916459552943706512e-02,1.479841419495642185e-03,-9.995021820068359375e-01
1.203173771500587463e-02,2.920267358422279358e-02,1.474673859775066376e-03,-9.995000958442687988e-01
1.204005628824234009e-02,-2.926747873425483704e-02,-1.386621268466114998e-03,-9.994981884956359863e-01
1.223155669867992401e-02,2.937118336558341980e-02,1.276651979424059391e-03,-9.994929432868957520e-01
1.216619182378053665e-02,2.939311414957046509e-02,1.250165631063282490e-03,-9.994931221008300781e-01
1.207144279032945633e-02,2.941253967583179474e-02,1.377935055643320084e-03,-9.994935393333435059e-01
1.200740877538919449e-02,2.943071350455284119e-02,1.476003322750329971e-03,-9.994936585426330566e-01
1.206948328763246536e-02,2.941866032779216766e-02,1.589873689226806164e-03,-9.994931221008300781e-01
1.200131885707378387e-02,-2.950337342917919159e-02,-1.444152090698480606e-03,-9.994916319847106934e-01
1.195969153195619583e-02,2.954030781984329224e-02,1.334175234660506248e-03,-9.994912147521972656e-01
1.193218026310205460e-02,2.959458343684673309e-02,1.267850049771368504e-03,-9.994899630546569824e-01
1.187670230865478516e-02,-2.964179590344429016e-02,-1.216236618347465992e-03,-9.994893670082092285e-01
1.186702121049165726e-02,2.966364845633506775e-02,1.213604235090315342e-03,-9.994888305664062500e-01
1.190581452101469040e-02,2.965434081852436066e-02,1.145628979429602623e-03,-9.994886517524719238e-01
1.188558991998434067e-02,2.965657785534858704e-02,1.156935002654790878e-03,-9.994888901710510254e-01
1.192012988030910492e-02,2.965098246932029724e-02,1.242511323653161526e-03,-9.994884729385375977e-01
1.189340185374021530e-02,2.963020093739032745e-02,1.221574028022587299e-03,-9.994894266128540039e-01
1.196261402219533920e-02,2.962916716933250427e-02,1.113806734792888165e-03,-9.994887709617614746e-01
1.194747537374496460e-02,2.964804135262966156e-02,9.796062950044870377e-04,-9.994885325431823730e-01
1.195345260202884674e-02,2.962684817612171173e-02,1.007247366942465305e-03,-9.994891285896301270e-01
1.191176474094390869e-02,2.960872091352939606e-02,1.023796736262738705e-03,-9.994900822639465332e-01
1.192003209143877029e-02,2.960927411913871765e-02,9.826857130974531174e-04,-9.994900822639465332e-01
1.194678712636232376e-02,2.960123494267463684e-02,9.406622848473489285e-04,-9.994900226593017578e-01
1.194295380264520645e-02,2.958464249968528748e-02,9.158999309875071049e-04,-9.994905591011047363e-01
1.197853777557611465e-02,2.958581224083900452e-02,8.849807200022041798e-04,-9.994900822639465332e-01
1.198329590260982513e-02,2.956924960017204285e-02,9.118816815316677094e-04,-9.994905591011047363e-01
1.194442063570022583e-02,-2.956242486834526062e-02,-9.279916412197053432e-04,-9.994911551475524902e-01
1.194887608289718628e-02,-2.955410629510879517e-02,-9.332959307357668877e-04,-9.994913339614868164e-01
1.191888377070426941e-02,2.954372763633728027e-02,9.293827461078763008e-04,-9.994920492172241211e-01
1.194691471755504608e-02,2.958082593977451324e-02,8.576575783081352711e-04,-9.994907379150390625e-01
1.214138604700565338e-02,2.961274422705173492e-02,9.025113540701568127e-04,-9.994873404502868652e-01
1.211041398346424103e-02,2.954011410474777222e-02,9.434907697141170502e-04,-9.994898438453674316e-01
1.214816421270370483e-02,2.954033575952053070e-02,8.796625188551843166e-04,-9.994893670082092285e-01
1.214990671724081039e-02,2.951968647539615631e-02,8.191269589588046074e-04,-9.994900822639465332e-01
1.224124990403652191e-02,-2.950770780444145203e-02,-7.472057477571070194e-04,-9.994893670082092285e-01
1.229821611195802689e-02,2.948313765227794647e-02,7.074634777382016182e-04,-9.994893670082092285e-01
1.229984220117330551e-02,2.944112010300159454e-02,6.414082017727196217e-04,-9.994906783103942871e-01
1.249867677688598633e-02,2.942097187042236328e-02,6.452108500525355339e-04,-9.994888305664062500e-01
1.257010549306869507e-02,2.939892001450061798e-02,6.430356879718601704e-04,-9.994885325431823730e-01
1.261379942297935486e-02,2.938147448003292084e-02,6.154776201583445072e-04,-9.994885325431823730e-01
1.265095733106136322e-02,2.940503507852554321e-02,6.065011257305741310e-04,-9.994873404502868652e-01
1.263421121984720230e-02,2.941612526774406433e-02,5.572175141423940659e-04,-9.994872808456420898e-01
1.268028561025857925e-02,2.943869493901729584e-02,4.820240137632936239e-04,-9.994860887527465820e-01
1.262586005032062531e-02,2.942925691604614258e-02,4.573780170176178217e-04,-9.994870424270629883e-01
1.266046706587076187e-02,2.943005785346031189e-02,4.291896184440702200e-04,-9.994866251945495605e-01
1.261892821639776230e-02,2.942061983048915863e-02,4.227063618600368500e-04,-9.994874596595764160e-01
1.263236533850431442e-02,-2.941395528614521027e-02,-4.174970381427556276e-04,-9.994874000549316406e-01
1.260312180966138840e-02,2.940542437136173248e-02,3.350734768901020288e-04,-9.994881153106689453e-01
1.250270847231149673e-02,2.941713854670524597e-02,3.472726675681769848e-04,-9.994889497756958008e-01
1.258036773651838303e-02,2.943678572773933411e-02,3.189622075296938419e-04,-9.994874596595764160e-01
-2.257374674081802368e-02,3.949327766895294189e-02,-9.933205321431159973e-03,-9.989154338836669922e-01
-2.257374674081802368e-02,-3.949327766895294189e-02,9.933205321431159973e-03,-9.989154338836669922e-01
-2.257374674081802368e-02,3.949327766895294189e-02,-9.933205321431159973e-03,-9.989154338836669922e-01
-2.257374674081802368e-02,3.949327766895294189e-02,-9.933205321431159973e-03,-9.989154338836669922e-01
-2.257374674081802368e-02,-3.949327766895294189e-02,9.933205321431159973e-03,-9.989154338836669922e-01
-2.257374674081802368e-02,3.949327766895294189e-02,-9.933205321431159973e-03,-9.989154338836669922e-01
-2.257374674081802368e-02,3.949327766895294189e-02,-9.933205321431159973e-03,-9.989154338836669922e-01
-2.257374674081802368e-02,3.949327766895294189e-02,-9.933205321431159973e-03,-9.989154338836669922e-01
-2.257374674081802368e-02,3.949327766895294189e-02,-9.933205321431159973e-03,-9.989154338836669922e-01
-2.257374674081802368e-02,3.949327766895294189e-02,-9.933205321431159973e-03,-9.989154338836669922e-01
-2.257374674081802368e-02,3.949327766895294189e-02,-9.933205321431159973e-03,-9.989154338836669922e-01
-2.257374674081802368e-02,3.949327766895294189e-02,-9.933205321431159973e-03,-9.989154338836669922e-01
-2.257374674081802368e-02,3.949327766895294189e-02,-9.933205321431159973e-03,-9.989154338836669922e-01
-2.257374674081802368e-02,-3.949327766895294189e-02,9.933205321431159973e-03,-9.989154338836669922e-01
-2.257374674081802368e-02,3.949327766895294189e-02,-9.933205321431159973e-03,-9.989154338836669922e-01
-2.257374674081802368e-02,3.949327766895294189e-02,-9.933205321431159973e-03,-9.989154338836669922e-01
-2.257374674081802368e-02,3.949327766895294189e-02,-9.933205321431159973e-03,-9.989154338836669922e-01
-2.257374674081802368e-02,3.949327766895294189e-02,-9.933205321431159973e-03,-9.989154338836669922e-01
-2.257374674081802368e-02,3.949327766895294189e-02,-9.933205321431159973e-03,-9.989154338836669922e-01
-2.257374674081802368e-02,-3.949327766895294189e-02,9.933205321431159973e-03,-9.989154338836669922e-01
-2.257374674081802368e-02,3.949327766895294189e-02,-9.933205321431159973e-03,-9.989154338836669922e-01
-2.257374674081802368e-02,3.949327766895294189e-02,-9.933205321431159973e-03,-9.989154338836669922e-01
1.566032879054546356e-02,2.941973321139812469e-02,3.960810601711273193e-03,-9.994366168975830078e-01
1.556698046624660492e-02,2.939872816205024719e-02,4.077706020325422287e-03,-9.994382262229919434e-01
1.552805583924055099e-02,2.938565425574779510e-02,4.080809187144041061e-03,-9.994392395019531250e-01
1.548011600971221924e-02,2.938776277005672455e-02,4.046360962092876434e-03,-9.994400739669799805e-01
1.562079042196273804e-02,2.941279113292694092e-02,4.026903305202722549e-03,-9.994371533393859863e-01
1.558277662843465805e-02,2.939939498901367188e-02,4.040231462568044662e-03,-9.994381070137023926e-01
1.541738957166671753e-02,2.937116660177707672e-02,4.081964958459138870e-03,-9.994413256645202637e-01
1.590302772819995880e-02,2.885536290705204010e-02,4.245593212544918060e-03,-9.994481205940246582e-01
1.518145855516195297e-02,2.894650772213935852e-02,4.030405078083276749e-03,-9.994575381278991699e-01
1.517582405358552933e-02,2.894502505660057068e-02,4.082194529473781586e-03,-9.994575381278991699e-01
1.520490832626819611e-02,2.894586324691772461e-02,3.992242738604545593e-03,-9.994574189186096191e-01
1.513461768627166748e-02,2.890864945948123932e-02,4.069810733199119568e-03,-9.994592070579528809e-01
1.530164014548063278e-02,2.888375893235206604e-02,4.063612315803766251e-03,-9.994573593139648438e-01
1.530556287616491318e-02,2.891162969172000885e-02,3.976094070822000504e-03,-9.994569420814514160e-01
1.537512242794036865e-02,2.891042828559875488e-02,3.951840568333864212e-03,-9.994559884071350098e-01
1.534442882984876633e-02,2.891101874411106110e-02,3.958396613597869873e-03,-9.994564056396484375e-01
1.528785191476345062e-02,2.886823564767837524e-02,4.026493057608604431e-03,-9.994582533836364746e-01
1.529301889240741730e-02,2.887243218719959259e-02,3.998585045337677002e-03,-9.994581937789916992e-01
1.521190442144870758e-02,2.882905676960945129e-02,4.070723429322242737e-03,-9.994602799415588379e-01
1.594758965075016022e-02,2.877426892518997192e-02,4.231168422847986221e-03,-9.994498491287231445e-01
1.533278916031122208e-02,2.889393642544746399e-02,3.949417266994714737e-03,-9.994570612907409668e-01
1.520124357193708420e-02,2.889499627053737640e-02,3.954975865781307220e-03,-9.994590282440185547e-01
1.533128134906291962e-02,2.887921966612339020e-02,3.977554384618997574e-03,-9.994574189186096191e-01
1.533711235970258713e-02,2.887403778731822968e-02,3.987091593444347382e-03,-9.994574189186096191e-01
1.544178649783134460e-02,2.887991629540920258e-02,3.982400987297296524e-03,-9.994556903839111328e-01
1.537389680743217468e-02,2.889690548181533813e-02,3.957984037697315216e-03,-9.994564056396484375e-01
1.539237331598997116e-02,2.888934686779975891e-02,3.984528128057718277e-03,-9.994562268257141113e-01
1.541632134467363358e-02,2.889809384942054749e-02,3.978392574936151505e-03,-9.994556307792663574e-01
1.544526778161525726e-02,2.890929579734802246e-02,3.955281339585781097e-03,-9.994549155235290527e-01
1.552548352628946304e-02,2.887930534780025482e-02,4.010560456663370132e-03,-9.994543790817260742e-01
1.542077772319316864e-02,2.888208813965320587e-02,4.004903137683868408e-03,-9.994558691978454590e-01
1.532243285328149796e-02,2.887759730219841003e-02,4.005829337984323502e-03,-9.994574785232543945e-01
1.521971821784973145e-02,2.890210971236228943e-02,4.004989285022020340e-03,-9.994584321975708008e-01
1.537058223038911819e-02,2.888904884457588196e-02,4.022849723696708679e-03,-9.994564056396484375e-01
1.533278543502092361e-02,2.888768911361694336e-02,4.013901576399803162e-03,-9.994570612907409668e-01
1.532663032412528992e-02,2.888446301221847534e-02,4.050077870488166809e-03,-9.994570612907409668e-01
1.536064874380826950e-02,2.889904566109180450e-02,4.026791080832481384e-03,-9.994562268257141113e-01
1.528848428279161453e-02,2.889371849596500397e-02,4.033777862787246704e-03,-9.994574189186096191e-01
1.534558460116386414e-02,2.890467643737792969e-02,4.084333311766386032e-03,-9.994560480117797852e-01
1.549156662076711655e-02,2.893015183508396149e-02,4.116014577448368073e-03,-9.994529485702514648e-01
1.543666049838066101e-02,2.896300703287124634e-02,4.038899671286344528e-03,-9.994531273841857910e-01
1.548073906451463699e-02,2.895930409431457520e-02,4.055841825902462006e-03,-9.994525313377380371e-01
1.562008634209632874e-02,2.894390188157558441e-02,4.108220338821411133e-03,-9.994505643844604492e-01
1.569175906479358673e-02,-2.894224226474761963e-02,-4.205239471048116684e-03,-9.994490742683410645e-01
1.530280895531177521e-02,2.889366820454597473e-02,4.513975698500871658e-03,-9.994552135467529297e-01
1.425052434206008911e-02,2.887386083602905273e-02,5.270079243928194046e-03,-9.994676113128662109e-01
1.267799548804759979e-02,2.878478914499282837e-02,6.554647814482450485e-03,-9.994838237762451172e-01
1.557159889489412308e-02,2.735060825943946838e-02,4.664792679250240326e-03,-9.994937777519226074e-01
1.602193154394626617e-02,2.720976062119007111e-02,4.631321411579847336e-03,-9.994906187057495117e-01
1.607436686754226685e-02,2.723003737628459930e-02,4.689732566475868225e-03,-9.994890093803405762e-01
1.617892272770404816e-02,2.717525698244571686e-02,4.739063326269388199e-03,-9.994885921478271484e-01
