Format Version,1.23,Take Name,pinkhead_static_007,Take Notes,,Capture Frame Rate,60.000000,Export Frame Rate,60.000000,Capture Start Time,2022-02-09 11.13.34.596 AM,Total Frames in Take,81,Total Exported Frames,81,Rotation Type,Quaternion,Length Units,Meters,Coordinate Space,Global

,Type,Marker,Marker,Marker,Marker,Marker,Marker,Marker,Marker,Marker,Marker,Marker,Marker,Marker,Marker,Marker,Marker,Marker,Marker,Marker,Marker,Marker,Marker,Marker,Marker,Marker,Marker,Marker,Marker,Marker,Marker,Marker,Marker,Marker,Marker,Marker,Marker,Marker,Marker,Marker,Marker,Marker,Marker,Marker,Marker,Marker,Marker,Marker,Marker,Marker,Marker,Marker,Marker,Marker,Marker,Marker,Marker,Marker,Marker,Marker,Marker,Marker,Marker,Marker
,Name,Unlabeled 1152,Unlabeled 1152,Unlabeled 1152,Unlabeled 1153,Unlabeled 1153,Unlabeled 1153,Unlabeled 1154,Unlabeled 1154,Unlabeled 1154,Unlabeled 1155,Unlabeled 1155,Unlabeled 1155,Unlabeled 1156,Unlabeled 1156,Unlabeled 1156,Unlabeled 1157,Unlabeled 1157,Unlabeled 1157,Unlabeled 1158,Unlabeled 1158,Unlabeled 1158,Unlabeled 1159,Unlabeled 1159,Unlabeled 1159,Unlabeled 1160,Unlabeled 1160,Unlabeled 1160,Unlabeled 1161,Unlabeled 1161,Unlabeled 1161,Unlabeled 1162,Unlabeled 1162,Unlabeled 1162,Unlabeled 1163,Unlabeled 1163,Unlabeled 1163,Unlabeled 1164,Unlabeled 1164,Unlabeled 1164,Unlabeled 1165,Unlabeled 1165,Unlabeled 1165,Unlabeled 1166,Unlabeled 1166,Unlabeled 1166,Unlabeled 1167,Unlabeled 1167,Unlabeled 1167,Unlabeled 1168,Unlabeled 1168,Unlabeled 1168,Unlabeled 1169,Unlabeled 1169,Unlabeled 1169,Unlabeled 1170,Unlabeled 1170,Unlabeled 1170,Unlabeled 1171,Unlabeled 1171,Unlabeled 1171,Unlabeled 1172,Unlabeled 1172,Unlabeled 1172
,ID,"C71C0","C71C0","C71C0","C71E0","C71E0","C71E0","C7240","C7240","C7240","C7260","C7260","C7260","C7270","C7270","C7270","C72A0","C72A0","C72A0","C72F0","C72F0","C72F0","C7300","C7300","C7300","C7310","C7310","C7310","C7350","C7350","C7350","C7360","C7360","C7360","C73A0","C73A0","C73A0","C73D0","C73D0","C73D0","C7410","C7410","C7410","C7440","C7440","C7440","C7450","C7450","C7450","C7460","C7460","C7460","C7470","C7470","C7470","C74A0","C74A0","C74A0","C74C0","C74C0","C74C0","C74D0","C74D0","C74D0"
,,Position,Position,Position,Position,Position,Position,Position,Position,Position,Position,Position,Position,Position,Position,Position,Position,Position,Position,Position,Position,Position,Position,Position,Position,Position,Position,Position,Position,Position,Position,Position,Position,Position,Position,Position,Position,Position,Position,Position,Position,Position,Position,Position,Position,Position,Position,Position,Position,Position,Position,Position,Position,Position,Position,Position,Position,Position,Position,Position,Position,Position,Position,Position
Frame,Time (Seconds),X,Y,Z,X,Y,Z,X,Y,Z,X,Y,Z,X,Y,Z,X,Y,Z,X,Y,Z,X,Y,Z,X,Y,Z,X,Y,Z,X,Y,Z,X,Y,Z,X,Y,Z,X,Y,Z,X,Y,Z,X,Y,Z,X,Y,Z,X,Y,Z,X,Y,Z,X,Y,Z,X,Y,Z
0,0.000000,-0.031832,0.137119,0.049897,0.097055,0.219403,0.108429,-0.014604,0.194786,0.044029,0.104055,0.141654,0.053825,-0.033031,0.212093,0.104926,0.010066,0.140009,0.018711,0.036859,0.218553,0.040189,0.087047,0.195530,0.044764,0.110307,0.158064,0.163942,-0.047018,0.138669,0.110793,0.082246,0.209780,0.170167,0.028235,0.225528,0.176657,0.035646,0.249876,0.108143,-0.017747,0.202105,0.172461,-0.034356,0.149439,0.168653,0.041719,0.162716,0.211355,0.012523,0.164073,0.208107,0.072872,0.163638,0.210591,0.067384,0.142079,0.017847,0.118901,0.148420,0.107736,0.037367,0.141380,0.018370
1,0.016667,-0.031832,0.137118,0.049899,0.097067,0.219378,0.108424,-0.014607,0.194786,0.044029,0.104053,0.141650,0.053824,-0.033027,0.212095,0.104925,0.010067,0.140006,0.018712,0.036859,0.218551,0.040192,0.087042,0.195524,0.044762,0.110317,0.158072,0.163944,-0.047019,0.138673,0.110794,0.082248,0.209776,0.170167,0.028236,0.225528,0.176658,0.035648,0.249877,0.108145,-0.017748,0.202106,0.172463,-0.034355,0.149439,0.168651,0.041719,0.162717,0.211356,0.012527,0.164074,0.208108,0.072876,0.163639,0.210590,0.067380,0.142079,0.017849,0.118902,0.148419,0.107738,0.037368,0.141378,0.018373
2,0.033333,-0.031830,0.137114,0.049897,0.097042,0.219387,0.108422,-0.014605,0.194785,0.044031,0.104055,0.141652,0.053826,-0.033022,0.212094,0.104932,0.010066,0.140007,0.018714,0.036859,0.218549,0.040191,0.087042,0.195523,0.044760,0.110314,0.158070,0.163945,-0.047016,0.138669,0.110793,0.082247,0.209775,0.170167,0.028265,0.225486,0.176652,0.035648,0.249878,0.108145,-0.017748,0.202105,0.172462,-0.034356,0.149439,0.168654,0.041718,0.162716,0.211355,0.012508,0.164095,0.208125,0.072874,0.163638,0.210591,0.067381,0.142078,0.017850,0.118904,0.148418,0.107738,0.037365,0.141381,0.018364
3,0.050000,-0.031833,0.137118,0.049899,0.097067,0.219381,0.108423,-0.014606,0.194786,0.044030,0.104054,0.141653,0.053823,-0.033026,0.212098,0.104936,0.010067,0.140003,0.018713,0.036856,0.218551,0.040192,0.087046,0.195527,0.044767,0.110312,0.158068,0.163941,-0.047020,0.138674,0.110795,0.082245,0.209775,0.170168,0.028263,0.225486,0.176651,0.035646,0.249878,0.108144,-0.017748,0.202105,0.172465,-0.034355,0.149437,0.168651,0.041718,0.162715,0.211354,0.012524,0.164073,0.208106,0.072874,0.163638,0.210590,0.067381,0.142076,0.017849,0.118903,0.148419,0.107740,0.037368,0.141386,0.018362
4,0.066667,-0.031834,0.137116,0.049898,0.097047,0.219401,0.108430,-0.014606,0.194785,0.044030,0.104053,0.141649,0.053826,-0.033027,0.212098,0.104936,0.010065,0.140000,0.018711,0.036858,0.218551,0.040191,0.087045,0.195529,0.044766,0.110309,0.158065,0.163943,-0.047022,0.138677,0.110794,0.082256,0.209762,0.170171,0.028234,0.225531,0.176660,0.035645,0.249876,0.108144,-0.017750,0.202105,0.172463,-0.034357,0.149443,0.168653,0.041719,0.162718,0.211357,0.012511,0.164100,0.208129,0.072872,0.163637,0.210591,0.067383,0.142077,0.017850,0.118901,0.148417,0.107737,0.037365,0.141380,0.018362
5,0.083333,-0.031832,0.137117,0.049896,0.097049,0.219400,0.108432,-0.014606,0.194787,0.044032,0.104057,0.141656,0.053826,-0.033022,0.212095,0.104935,0.010070,0.139998,0.018717,0.036858,0.218552,0.040191,0.087042,0.195526,0.044760,0.110314,0.158071,0.163947,-0.047016,0.138674,0.110794,0.082245,0.209780,0.170167,0.028235,0.225531,0.176658,0.035645,0.249878,0.108146,-0.017750,0.202109,0.172463,-0.034356,0.149442,0.168654,0.041717,0.162720,0.211357,0.012510,0.164098,0.208128,0.072873,0.163637,0.210589,0.067383,0.142078,0.017849,0.118902,0.148421,0.107739,0.037366,0.141380,0.018366
6,0.100000,-0.031835,0.137118,0.049898,0.097066,0.219382,0.108424,-0.014608,0.194784,0.044032,0.104054,0.141655,0.053824,-0.033029,0.212098,0.104930,0.010064,0.140005,0.018712,0.036859,0.218552,0.040193,0.087047,0.195530,0.044764,0.110311,0.158069,0.163946,-0.047020,0.138676,0.110796,0.082247,0.209778,0.170168,0.028232,0.225526,0.176656,0.035645,0.249877,0.108144,-0.017750,0.202108,0.172463,-0.034355,0.149440,0.168652,0.041716,0.162722,0.211357,0.012525,0.164077,0.208111,0.072873,0.163639,0.210589,0.067383,0.142082,0.017850,0.118900,0.148418,0.107737,0.037365,0.141383,0.018364
7,0.116667,-0.031833,0.137116,0.049898,0.097049,0.219401,0.108429,-0.014606,0.194786,0.044029,0.104055,0.141655,0.053824,-0.033027,0.212096,0.104925,0.010068,0.140007,0.018709,0.036858,0.218555,0.040191,0.087043,0.195524,0.044759,0.110314,0.158070,0.163942,-0.047019,0.138677,0.110795,0.082245,0.209779,0.170169,0.028263,0.225492,0.176649,0.035647,0.249881,0.108145,-0.017748,0.202106,0.172461,-0.034354,0.149439,0.168654,0.041718,0.162722,0.211358,0.012509,0.164097,0.208126,0.072874,0.163641,0.210593,0.067384,0.142081,0.017848,0.118900,0.148422,0.107738,0.037367,0.141384,0.018363
8,0.133333,-0.031832,0.137120,0.049898,0.097047,0.219403,0.108429,-0.014606,0.194786,0.044028,0.104053,0.141653,0.053824,-0.033025,0.212095,0.104933,0.010062,0.140005,0.018710,0.036856,0.218552,0.040191,0.087045,0.195530,0.044766,0.110309,0.158064,0.163942,-0.047018,0.138673,0.110792,0.082246,0.209777,0.170168,0.028234,0.225530,0.176656,0.035647,0.249877,0.108145,-0.017746,0.202108,0.172463,-0.034356,0.149441,0.168654,0.041717,0.162719,0.211357,0.012524,0.164076,0.208108,0.072873,0.163639,0.210590,0.067382,0.142081,0.017848,0.118901,0.148422,0.107737,0.037366,0.141382,0.018363
9,0.150000,-0.031830,0.137120,0.049899,0.097047,0.219401,0.108429,-0.014606,0.194786,0.044032,0.104053,0.141656,0.053825,-0.033030,0.212095,0.104925,0.010065,0.140003,0.018714,0.036854,0.218554,0.040193,0.087044,0.195530,0.044764,0.110312,0.158069,0.163943,-0.047015,0.138669,0.110792,0.082245,0.209777,0.170169,0.028262,0.225489,0.176648,0.035646,0.249876,0.108145,-0.017749,0.202105,0.172462,-0.034360,0.149440,0.168653,0.041720,0.162714,0.211358,0.012525,0.164071,0.208107,0.072873,0.163639,0.210591,0.067379,0.142078,0.017850,0.118899,0.148417,0.107738,0.037367,0.141384,0.018366
10,0.166667,-0.031835,0.137119,0.049899,0.097048,0.219402,0.108429,-0.014603,0.194785,0.044030,0.104054,0.141654,0.053827,-0.033022,0.212091,0.104934,0.010064,0.140006,0.018713,0.036856,0.218550,0.040191,0.087044,0.195528,0.044766,0.110314,0.158070,0.163945,-0.047019,0.138678,0.110792,0.082244,0.209774,0.170167,0.028234,0.225528,0.176656,0.035648,0.249875,0.108145,-0.017746,0.202110,0.172463,-0.034356,0.149439,0.168652,0.041717,0.162715,0.211359,0.012512,0.164096,0.208127,0.072872,0.163637,0.210592,0.067384,0.142079,0.017849,0.118900,0.148418,0.107737,0.037368,0.141388,0.018359
11,0.183333,-0.031831,0.137120,0.049898,0.097051,0.219400,0.108429,-0.014608,0.194784,0.044029,0.104054,0.141653,0.053825,-0.033028,0.212096,0.104927,0.010065,0.140005,0.018713,0.036857,0.218551,0.040192,0.087044,0.195528,0.044766,0.110316,0.158069,0.163945,-0.047020,0.138676,0.110794,0.082247,0.209778,0.170170,0.028234,0.225530,0.176656,0.035647,0.249876,0.108144,-0.017747,0.202103,0.172461,-0.034355,0.149437,0.168653,0.041722,0.162718,0.211357,0.012525,0.164070,0.208106,0.072873,0.163637,0.210591,0.067386,0.142076,0.017848,0.118904,0.148422,0.107742,0.037365,0.141382,0.018362
12,0.200000,-0.031834,0.137120,0.049900,0.097049,0.219398,0.108430,-0.014604,0.194788,0.044030,0.104053,0.141653,0.053825,-0.033028,0.212093,0.104926,0.010066,0.140008,0.018713,0.036856,0.218550,0.040191,0.087045,0.195529,0.044766,0.110309,0.158068,0.163943,-0.047018,0.138674,0.110793,0.082247,0.209778,0.170171,0.028234,0.225528,0.176655,0.035647,0.249878,0.108145,-0.017746,0.202104,0.172461,-0.034356,0.149436,0.168653,0.041719,0.162716,0.211355,0.012523,0.164067,0.208107,0.072873,0.163639,0.210593,0.067384,0.142078,0.017853,0.118904,0.148423,0.107740,0.037367,0.141385,0.018367
13,0.216667,-0.031834,0.137119,0.049894,0.097047,0.219398,0.108429,-0.014604,0.194789,0.044032,0.104054,0.141654,0.053825,-0.033028,0.212094,0.104925,0.010063,0.140010,0.018707,0.036856,0.218553,0.040193,0.087040,0.195523,0.044761,0.110314,0.158069,0.163945,-0.047017,0.138668,0.110794,0.082246,0.209772,0.170166,0.028263,0.225487,0.176647,0.035647,0.249877,0.108144,-0.017746,0.202106,0.172464,-0.034354,0.149437,0.168654,0.041720,0.162715,0.211357,0.012512,0.164095,0.208127,0.072873,0.163638,0.210590,0.067384,0.142078,0.017851,0.118901,0.148416,0.107739,0.037362,0.141380,0.018366
14,0.233333,-0.031836,0.137120,0.049900,0.097064,0.219377,0.108423,-0.014605,0.194787,0.044029,0.104055,0.141654,0.053823,-0.033030,0.212097,0.104929,0.010065,0.140008,0.018713,0.036856,0.218551,0.040193,0.087044,0.195530,0.044766,0.110312,0.158065,0.163948,-0.047023,0.138679,0.110794,0.082247,0.209774,0.170172,0.028263,0.225487,0.176651,0.035646,0.249877,0.108146,-0.017748,0.202105,0.172462,-0.034356,0.149440,0.168654,0.041718,0.162711,0.211356,0.012526,0.164068,0.208109,0.072871,0.163637,0.210592,0.067383,0.142077,0.017851,0.118898,0.148414,0.107739,0.037365,0.141386,0.018359
15,0.250000,-0.031831,0.137120,0.049900,0.097046,0.219401,0.108429,-0.014605,0.194786,0.044030,0.104053,0.141650,0.053825,-0.033029,0.212095,0.104927,0.010065,0.140010,0.018711,0.036856,0.218552,0.040191,0.087044,0.195528,0.044765,0.110310,0.158064,0.163948,-0.047019,0.138672,0.110793,0.082245,0.209775,0.170169,0.028233,0.225525,0.176657,0.035648,0.249880,0.108144,-0.017748,0.202106,0.172463,-0.034356,0.149445,0.168656,0.041717,0.162715,0.211358,0.012509,0.164094,0.208127,0.072871,0.163634,0.210594,0.067382,0.142077,0.017850,0.118901,0.148417,0.107741,0.037367,0.141382,0.018365
16,0.266667,-0.031833,0.137121,0.049897,0.097046,0.219402,0.108431,-0.014606,0.194783,0.044029,0.104049,0.141650,0.053824,-0.033025,0.212095,0.104927,0.010066,0.140003,0.018715,0.036855,0.218552,0.040191,0.087044,0.195529,0.044764,0.110307,0.158062,0.163945,-0.047018,0.138670,0.110792,0.082243,0.209777,0.170169,0.028235,0.225530,0.176658,0.035648,0.249876,0.108144,-0.017745,0.202104,0.172462,-0.034355,0.149439,0.168654,0.041721,0.162716,0.211356,0.012508,0.164094,0.208126,0.072871,0.163635,0.210593,0.067381,0.142079,0.017850,0.118901,0.148420,0.107738,0.037365,0.141382,0.018366
17,0.283333,-0.031834,0.137124,0.049899,0.097048,0.219398,0.108429,-0.014604,0.194787,0.044031,0.104053,0.141653,0.053826,-0.033028,0.212093,0.104927,0.010065,0.140007,0.018710,0.036856,0.218553,0.040191,0.087040,0.195524,0.044759,0.110317,0.158068,0.163950,-0.047022,0.138680,0.110792,0.082248,0.209774,0.170170,0.028236,0.225526,0.176657,0.035646,0.249876,0.108145,-0.017746,0.202105,0.172462,-0.034355,0.149442,0.168654,0.041719,0.162713,0.211356,0.012512,0.164090,0.208127,0.072873,0.163634,0.210592,0.067383,0.142082,0.017850,0.118900,0.148417,0.107741,0.037366,0.141383,0.018365
18,0.300000,-0.031836,0.137120,0.049901,0.097049,0.219402,0.108431,-0.014605,0.194785,0.044030,0.104052,0.141654,0.053826,-0.033030,0.212093,0.104925,0.010069,0.140004,0.018713,0.036857,0.218552,0.040193,0.087041,0.195524,0.044759,0.110314,0.158066,0.163948,-0.047018,0.138674,0.110793,0.082247,0.209775,0.170167,0.028263,0.225488,0.176650,0.035647,0.249878,0.108142,-0.017748,0.202107,0.172464,-0.034360,0.149444,0.168652,0.041718,0.162717,0.211359,0.012525,0.164072,0.208110,0.072874,0.163634,0.210592,0.067384,0.142077,0.017851,0.118899,0.148416,0.107740,0.037366,0.141384,0.018363
19,0.316667,-0.031833,0.137118,0.049897,0.097041,0.219389,0.108422,-0.014606,0.194785,0.044030,0.104054,0.141654,0.053822,-0.033020,0.212095,0.104933,0.010065,0.140000,0.018714,0.036856,0.218553,0.040191,0.087040,0.195526,0.044759,0.110314,0.158068,0.163944,-0.047016,0.138677,0.110795,0.082247,0.209775,0.170168,0.028263,0.225489,0.176650,0.035647,0.249879,0.108144,-0.017749,0.202105,0.172462,-0.034357,0.149441,0.168652,0.041718,0.162715,0.211357,0.012524,0.164071,0.208108,0.072874,0.163635,0.210593,0.067383,0.142079,0.017851,0.118901,0.148418,0.107737,0.037367,0.141382,0.018364
20,0.333333,-0.031834,0.137119,0.049895,0.097041,0.219390,0.108422,-0.014606,0.194784,0.044029,0.104056,0.141659,0.053831,-0.033023,0.212096,0.104936,0.010064,0.140001,0.018716,0.036858,0.218552,0.040192,0.087046,0.195530,0.044765,0.110310,0.158065,0.163944,-0.047016,0.138668,0.110793,0.082247,0.209778,0.170169,0.028235,0.225527,0.176655,0.035647,0.249876,0.108143,-0.017748,0.202107,0.172461,-0.034356,0.149441,0.168655,0.041719,0.162715,0.211359,0.012510,0.164098,0.208128,0.072873,0.163637,0.210592,0.067380,0.142077,0.017849,0.118900,0.148421,0.107738,0.037365,0.141381,0.018365
21,0.350000,-0.031834,0.137122,0.049900,0.097066,0.219381,0.108424,-0.014604,0.194784,0.044031,0.104052,0.141654,0.053826,-0.033027,0.212093,0.104926,0.010065,0.140007,0.018710,0.036857,0.218553,0.040190,0.087045,0.195531,0.044765,0.110316,0.158074,0.163947,-0.047021,0.138676,0.110792,0.082247,0.209776,0.170168,0.028264,0.225488,0.176648,0.035646,0.249877,0.108145,-0.017747,0.202105,0.172462,-0.034357,0.149441,0.168652,0.041717,0.162717,0.211356,0.012513,0.164096,0.208128,0.072872,0.163637,0.210591,0.067380,0.142077,0.017852,0.118901,0.148420,0.107742,0.037365,0.141382,0.018372
22,0.366667,-0.031834,0.137117,0.049898,0.097058,0.219369,0.108417,-0.014607,0.194786,0.044029,0.104055,0.141656,0.053827,-0.033022,0.212096,0.104935,0.010061,0.140007,0.018714,0.036856,0.218553,0.040190,0.087046,0.195531,0.044766,0.110309,0.158067,0.163947,-0.047018,0.138676,0.110794,0.082245,0.209777,0.170168,0.028233,0.225528,0.176656,0.035646,0.249878,0.108145,-0.017749,0.202106,0.172463,-0.034357,0.149439,0.168654,0.041717,0.162714,0.211358,0.012509,0.164098,0.208130,0.072872,0.163639,0.210592,0.067378,0.142079,0.017848,0.118903,0.148422,0.107744,0.037363,0.141380,0.018364
23,0.383333,-0.031830,0.137114,0.049900,0.097047,0.219400,0.108430,-0.014605,0.194785,0.044030,0.104053,0.141654,0.053826,-0.033021,0.212093,0.104935,0.010064,0.140008,0.018706,0.036855,0.218552,0.040190,0.087041,0.195527,0.044763,0.110313,0.158071,0.163947,-0.047018,0.138677,0.110795,0.082247,0.209776,0.170168,0.028264,0.225487,0.176649,0.035648,0.249880,0.108146,-0.017748,0.202106,0.172461,-0.034358,0.149446,0.168654,0.041720,0.162716,0.211359,0.012511,0.164099,0.208131,0.072871,0.163637,0.210593,0.067385,0.142080,0.017848,0.118901,0.148417,0.107739,0.037365,0.141383,0.018367
24,0.400000,-0.031831,0.137119,0.049896,0.097045,0.219401,0.108430,-0.014606,0.194785,0.044028,0.104056,0.141654,0.053827,-0.033031,0.212095,0.104926,0.010063,0.140006,0.018708,0.036857,0.218553,0.040190,0.087046,0.195529,0.044766,0.110307,0.158067,0.163947,-0.047017,0.138674,0.110795,0.082245,0.209776,0.170169,0.028263,0.225485,0.176649,0.035646,0.249877,0.108144,-0.017749,0.202105,0.172462,-0.034356,0.149440,0.168653,0.041719,0.162717,0.211358,0.012524,0.164072,0.208108,0.072872,0.163638,0.210593,0.067384,0.142079,0.017850,0.118901,0.148420,0.107740,0.037367,0.141386,0.018360
25,0.416667,-0.031832,0.137120,0.049899,0.097041,0.219389,0.108420,-0.014603,0.194786,0.044031,0.104051,0.141654,0.053824,-0.033027,0.212094,0.104925,0.010070,0.140005,0.018717,0.036856,0.218551,0.040190,0.087042,0.195524,0.044759,0.110308,0.158068,0.163944,-0.047019,0.138677,0.110792,0.082245,0.209776,0.170168,0.028234,0.225529,0.176655,0.035646,0.249878,0.108142,-0.017747,0.202107,0.172461,-0.034357,0.149445,0.168655,0.041718,0.162715,0.211357,0.012525,0.164072,0.208108,0.072874,0.163637,0.210593,0.067382,0.142079,0.017851,0.118902,0.148419,0.107737,0.037369,0.141380,0.018367
26,0.433333,-0.031833,0.137122,0.049897,0.097046,0.219400,0.108428,-0.014603,0.194788,0.044028,0.104054,0.141654,0.053825,-0.033023,0.212096,0.104934,0.010067,0.140005,0.018715,0.036858,0.218553,0.040189,0.087045,0.195526,0.044764,0.110311,0.158067,0.163942,-0.047021,0.138675,0.110793,0.082245,0.209776,0.170170,0.028263,0.225485,0.176646,0.035646,0.249876,0.108145,-0.017748,0.202106,0.172461,-0.034356,0.149440,0.168653,0.041718,0.162717,0.211358,0.012526,0.164073,0.208109,0.072871,0.163636,0.210594,0.067383,0.142075,0.017852,0.118902,0.148418,0.107738,0.037366,0.141383,0.018367
27,0.450000,-0.031833,0.137117,0.049901,0.097048,0.219399,0.108430,-0.014605,0.194787,0.044028,0.104053,0.141654,0.053826,-0.033027,0.212094,0.104935,0.010065,0.140006,0.018712,0.036856,0.218550,0.040191,0.087045,0.195530,0.044766,0.110308,0.158064,0.163945,-0.047019,0.138675,0.110796,0.082246,0.209777,0.170170,0.028234,0.225527,0.176658,0.035646,0.249877,0.108145,-0.017750,0.202107,0.172463,-0.034358,0.149440,0.168651,0.041717,0.162711,0.211357,0.012524,0.164070,0.208107,0.072871,0.163636,0.210593,0.067382,0.142078,0.017848,0.118899,0.148417,0.107739,0.037365,0.141382,0.018363
28,0.466667,-0.031837,0.137125,0.049899,0.097058,0.219368,0.108417,-0.014606,0.194786,0.044033,0.104053,0.141653,0.053825,-0.033025,0.212096,0.104934,0.010065,0.140007,0.018712,0.036856,0.218551,0.040191,0.087045,0.195528,0.044764,0.110311,0.158066,0.163946,-0.047016,0.138674,0.110793,0.082246,0.209772,0.170167,0.028262,0.225487,0.176650,0.035646,0.249875,0.108143,-0.017749,0.202105,0.172462,-0.034359,0.149444,0.168654,0.041717,0.162715,0.211359,0.012524,0.164067,0.208109,0.072873,0.163634,0.210593,0.067380,0.142078,0.017848,0.118899,0.148417,0.107741,0.037367,0.141383,0.018365
29,0.483333,-0.031833,0.137120,0.049902,0.097043,0.219388,0.108421,-0.014606,0.194785,0.044031,0.104051,0.141651,0.053825,-0.033029,0.212094,0.104928,0.010062,0.140011,0.018713,0.036857,0.218552,0.040190,0.087042,0.195528,0.044765,0.110308,0.158063,0.163945,-0.047019,0.138676,0.110794,0.082245,0.209774,0.170170,0.028236,0.225528,0.176658,0.035647,0.249874,0.108143,-0.017747,0.202102,0.172461,-0.034355,0.149440,0.168652,0.041718,0.162714,0.211358,0.012524,0.164070,0.208107,0.072874,0.163635,0.210592,0.067379,0.142076,0.017847,0.118903,0.148417,0.107740,0.037366,0.141381,0.018368
30,0.500000,-0.031837,0.137120,0.049896,0.097048,0.219402,0.108429,-0.014607,0.194782,0.044027,0.104056,0.141651,0.053823,-0.033025,0.212097,0.104934,0.010066,0.140005,0.018712,0.036856,0.218551,0.040191,0.087046,0.195529,0.044764,0.110307,0.158064,0.163943,-0.047018,0.138676,0.110793,0.082245,0.209776,0.170167,0.028234,0.225530,0.176656,0.035646,0.249876,0.108143,-0.017747,0.202106,0.172462,-0.034355,0.149439,0.168651,0.041718,0.162712,0.211357,0.012525,0.164070,0.208109,0.072874,0.163637,0.210593,0.067384,0.142076,0.017848,0.118902,0.148420,0.107740,0.037369,0.141387,0.018357
31,0.516667,-0.031833,0.137122,0.049898,0.097047,0.219398,0.108429,-0.014605,0.194783,0.044030,0.104053,0.141650,0.053821,-0.033026,0.212096,0.104935,0.010066,0.140005,0.018713,0.036854,0.218551,0.040190,0.087041,0.195526,0.044759,0.110314,0.158067,0.163945,-0.047015,0.138670,0.110794,0.082245,0.209777,0.170168,0.028234,0.225528,0.176656,0.035646,0.249878,0.108144,-0.017748,0.202107,0.172462,-0.034357,0.149441,0.168654,0.041718,0.162710,0.211356,0.012509,0.164092,0.208128,0.072872,0.163637,0.210592,0.067384,0.142080,0.017847,0.118901,0.148417,0.107739,0.037369,0.141382,0.018370
32,0.533333,-0.031831,0.137113,0.049896,0.097053,0.219401,0.108427,-0.014603,0.194785,0.044030,0.104055,0.141653,0.053825,-0.033028,0.212096,0.104926,0.010065,0.140005,0.018715,0.036856,0.218552,0.040191,0.087042,0.195524,0.044760,0.110311,0.158066,0.163946,-0.047020,0.138676,0.110794,0.082243,0.209777,0.170167,0.028232,0.225532,0.176656,0.035646,0.249876,0.108145,-0.017751,0.202109,0.172465,-0.034358,0.149440,0.168655,0.041719,0.162717,0.211357,0.012510,0.164095,0.208128,0.072872,0.163633,0.210593,0.067382,0.142077,0.017849,0.118902,0.148418,0.107739,0.037366,0.141379,0.018367
33,0.550000,-0.031836,0.137120,0.049900,0.097047,0.219401,0.108427,-0.014604,0.194784,0.044030,0.104056,0.141658,0.053827,-0.033026,0.212096,0.104934,0.010073,0.140005,0.018711,0.036857,0.218554,0.040191,0.087048,0.195530,0.044765,0.110308,0.158066,0.163942,-0.047024,0.138682,0.110793,0.082245,0.209774,0.170168,0.028265,0.225488,0.176647,0.035646,0.249875,0.108145,-0.017748,0.202105,0.172465,-0.034357,0.149439,0.168655,0.041716,0.162719,0.211358,0.012524,0.164069,0.208109,0.072871,0.163635,0.210594,0.067385,0.142080,0.017849,0.118900,0.148419,0.107740,0.037367,0.141379,0.018368
34,0.566667,-0.031833,0.137120,0.049898,0.097049,0.219402,0.108429,-0.014604,0.194784,0.044029,0.104054,0.141655,0.053827,-0.033027,0.212098,0.104934,0.010067,0.140003,0.018717,0.036855,0.218552,0.040189,0.087045,0.195529,0.044766,0.110312,0.158068,0.163949,-0.047021,0.138678,0.110791,0.082247,0.209779,0.170170,0.028233,0.225529,0.176657,0.035645,0.249877,0.108144,-0.017748,0.202108,0.172463,-0.034357,0.149441,0.168653,0.041716,0.162715,0.211358,0.012506,0.164096,0.208129,0.072873,0.163639,0.210593,0.067383,0.142082,0.017848,0.118900,0.148419,0.107740,0.037365,0.141384,0.018370
35,0.583333,-0.031832,0.137120,0.049899,0.097046,0.219404,0.108427,-0.014606,0.194787,0.044027,0.104053,0.141653,0.053826,-0.033030,0.212094,0.104928,0.010065,0.140003,0.018719,0.036856,0.218552,0.040190,0.087045,0.195533,0.044765,0.110309,0.158069,0.163947,-0.047018,0.138673,0.110792,0.082246,0.209779,0.170168,0.028232,0.225530,0.176656,0.035648,0.249880,0.108147,-0.017749,0.202108,0.172462,-0.034358,0.149439,0.168654,0.041715,0.162717,0.211358,0.012506,0.164098,0.208131,0.072873,0.163639,0.210592,0.067382,0.142078,0.017850,0.118903,0.148422,0.107739,0.037370,0.141381,0.018363
36,0.600000,-0.031832,0.137117,0.049899,0.097040,0.219388,0.108423,-0.014606,0.194785,0.044030,0.104052,0.141654,0.053824,-0.033022,0.212096,0.104933,0.010069,0.140004,0.018715,0.036856,0.218554,0.040191,0.087044,0.195529,0.044764,0.110308,0.158071,0.163944,-0.047018,0.138675,0.110793,0.082245,0.209777,0.170169,0.028262,0.225489,0.176649,0.035647,0.249878,0.108145,-0.017747,0.202102,0.172462,-0.034357,0.149437,0.168653,0.041716,0.162716,0.211357,0.012524,0.164070,0.208108,0.072873,0.163638,0.210592,0.067382,0.142078,0.017852,0.118901,0.148420,0.107740,0.037365,0.141386,0.018366
37,0.616667,-0.031834,0.137120,0.049898,0.097068,0.219381,0.108423,-0.014609,0.194787,0.044027,0.104052,0.141652,0.053826,-0.033030,0.212094,0.104925,0.010065,0.140011,0.018708,0.036856,0.218551,0.040189,0.087045,0.195533,0.044767,0.110309,0.158064,0.163946,-0.047018,0.138678,0.110795,0.082245,0.209778,0.170170,0.028263,0.225487,0.176651,0.035645,0.249875,0.108144,-0.017750,0.202107,0.172463,-0.034360,0.149435,0.168653,0.041719,0.162715,0.211357,0.012510,0.164091,0.208127,0.072873,0.163638,0.210593,0.067381,0.142076,0.017847,0.118898,0.148414,0.107739,0.037366,0.141384,0.018368
38,0.633333,-0.031836,0.137122,0.049900,0.097066,0.219381,0.108423,-0.014605,0.194787,0.044028,0.104053,0.141654,0.053825,-0.033023,0.212095,0.104931,0.010066,0.140009,0.018711,0.036856,0.218551,0.040188,0.087044,0.195528,0.044765,0.110310,0.158068,0.163944,-0.047019,0.138674,0.110795,0.082248,0.209778,0.170169,0.028262,0.225487,0.176649,0.035645,0.249877,0.108143,-0.017749,0.202102,0.172462,-0.034356,0.149441,0.168651,0.041721,0.162715,0.211356,0.012525,0.164071,0.208108,0.072873,0.163638,0.210593,0.067382,0.142077,0.017849,0.118904,0.148419,0.107740,0.037366,0.141384,0.018365
39,0.650000,-0.031833,0.137121,0.049899,0.097049,0.219400,0.108429,-0.014606,0.194783,0.044029,0.104053,0.141655,0.053825,-0.033024,0.212098,0.104933,0.010069,0.139999,0.018713,0.036857,0.218554,0.040190,0.087046,0.195530,0.044764,0.110310,0.158065,0.163945,-0.047017,0.138676,0.110796,0.082246,0.209779,0.170171,0.028234,0.225529,0.176658,0.035646,0.249878,0.108143,-0.017750,0.202106,0.172463,-0.034358,0.149441,0.168652,0.041718,0.162710,0.211357,0.012525,0.164072,0.208107,0.072873,0.163635,0.210593,0.067384,0.142080,0.017850,0.118901,0.148417,0.107739,0.037370,0.141387,0.018362
40,0.666667,-0.031833,0.137122,0.049897,0.097048,0.219401,0.108428,-0.014607,0.194781,0.044028,0.104054,0.141655,0.053826,-0.033025,0.212096,0.104933,0.010063,0.140004,0.018711,0.036855,0.218553,0.040189,0.087045,0.195530,0.044765,0.110309,0.158067,0.163943,-0.047016,0.138673,0.110793,0.082246,0.209776,0.170167,0.028262,0.225487,0.176650,0.035646,0.249876,0.108143,-0.017748,0.202106,0.172463,-0.034356,0.149443,0.168654,0.041719,0.162716,0.211358,0.012523,0.164077,0.208109,0.072871,0.163635,0.210592,0.067380,0.142079,0.017850,0.118901,0.148422,0.107742,0.037361,0.141380,0.018369
41,0.683333,-0.031832,0.137115,0.049904,0.097048,0.219402,0.108430,-0.014604,0.194786,0.044032,0.104053,0.141655,0.053825,-0.033024,0.212096,0.104934,0.010065,0.140008,0.018719,0.036856,0.218552,0.040191,0.087041,0.195527,0.044763,0.110311,0.158066,0.163945,-0.047019,0.138678,0.110794,0.082243,0.209775,0.170170,0.028233,0.225531,0.176659,0.035645,0.249881,0.108146,-0.017750,0.202106,0.172464,-0.034356,0.149443,0.168654,0.041719,0.162716,0.211358,0.012522,0.164069,0.208108,0.072874,0.163637,0.210595,0.067386,0.142079,0.017848,0.118901,0.148418,0.107741,0.037371,0.141386,0.018368
42,0.700000,-0.031836,0.137123,0.049899,0.097047,0.219404,0.108430,-0.014605,0.194787,0.044030,0.104056,0.141657,0.053827,-0.033028,0.212093,0.104928,0.010064,0.140009,0.018715,0.036856,0.218552,0.040191,0.087045,0.195528,0.044764,0.110308,0.158065,0.163944,-0.047020,0.138678,0.110795,0.082244,0.209777,0.170170,0.028231,0.225527,0.176657,0.035645,0.249877,0.108145,-0.017751,0.202107,0.172463,-0.034356,0.149442,0.168653,0.041718,0.162716,0.211354,0.012507,0.164096,0.208128,0.072873,0.163642,0.210595,0.067383,0.142077,0.017850,0.118899,0.148417,0.107739,0.037368,0.141384,0.018360
43,0.716667,-0.031834,0.137124,0.049898,0.097047,0.219402,0.108429,-0.014606,0.194785,0.044027,0.104055,0.141656,0.053826,-0.033029,0.212094,0.104927,0.010064,0.140005,0.018713,0.036855,0.218551,0.040190,0.087041,0.195529,0.044762,0.110312,0.158071,0.163944,-0.047023,0.138676,0.110792,0.082247,0.209779,0.170169,0.028234,0.225528,0.176657,0.035646,0.249877,0.108147,-0.017747,0.202107,0.172464,-0.034357,0.149440,0.168655,0.041716,0.162716,0.211357,0.012508,0.164096,0.208128,0.072872,0.163636,0.210591,0.067384,0.142079,0.017851,0.118901,0.148420,0.107741,0.037367,0.141382,0.018365
44,0.733333,-0.031835,0.137124,0.049897,0.097067,0.219380,0.108425,-0.014605,0.194785,0.044029,0.104052,0.141653,0.053826,-0.033031,0.212100,0.104929,0.010068,0.140005,0.018710,0.036855,0.218554,0.040191,0.087040,0.195524,0.044760,0.110315,0.158069,0.163949,-0.047021,0.138676,0.110793,0.082245,0.209776,0.170172,0.028234,0.225531,0.176655,0.035645,0.249879,0.108145,-0.017750,0.202107,0.172462,-0.034358,0.149442,0.168654,0.041718,0.162713,0.211358,0.012522,0.164071,0.208110,0.072871,0.163639,0.210592,0.067382,0.142078,0.017848,0.118902,0.148417,0.107741,0.037370,0.141388,0.018361
45,0.750000,-0.031833,0.137117,0.049899,0.097040,0.219389,0.108421,-0.014605,0.194785,0.044027,0.104055,0.141656,0.053829,-0.033023,0.212097,0.104933,0.010067,0.140010,0.018714,0.036857,0.218552,0.040191,0.087044,0.195529,0.044767,0.110309,0.158067,0.163945,-0.047017,0.138675,0.110793,0.082245,0.209778,0.170169,0.028233,0.225529,0.176659,0.035645,0.249875,0.108144,-0.017749,0.202103,0.172464,-0.034355,0.149442,0.168654,0.041721,0.162716,0.211358,0.012511,0.164094,0.208129,0.072873,0.163639,0.210595,0.067384,0.142079,0.017850,0.118903,0.148421,0.107741,0.037370,0.141388,0.018362
46,0.766667,-0.031837,0.137123,0.049900,0.097041,0.219390,0.108421,-0.014606,0.194786,0.044028,0.104038,0.141638,0.053817,-0.033031,0.212097,0.104927,0.010065,0.140006,0.018713,0.036853,0.218552,0.040192,0.087045,0.195529,0.044766,0.110311,0.158068,0.163948,-0.047019,0.138677,0.110795,0.082244,0.209781,0.170172,0.028263,0.225487,0.176650,0.035644,0.249876,0.108143,-0.017749,0.202107,0.172464,-0.034360,0.149444,0.168654,0.041716,0.162713,0.211358,0.012509,0.164093,0.208126,0.072872,0.163636,0.210594,0.067384,0.142077,0.017851,0.118901,0.148421,0.107742,0.037368,0.141388,0.018360
47,0.783333,-0.031833,0.137119,0.049900,0.097039,0.219388,0.108422,-0.014606,0.194783,0.044031,0.104055,0.141655,0.053825,-0.033030,0.212097,0.104927,0.010069,0.140010,0.018715,0.036854,0.218554,0.040192,0.087047,0.195529,0.044765,0.110312,0.158068,0.163948,-0.047019,0.138677,0.110790,0.082244,0.209778,0.170170,0.028261,0.225489,0.176650,0.035645,0.249877,0.108144,-0.017749,0.202110,0.172462,-0.034358,0.149445,0.168655,0.041715,0.162712,0.211356,0.012522,0.164072,0.208107,0.072872,0.163636,0.210593,0.067383,0.142079,0.017851,0.118901,0.148418,0.107742,0.037366,0.141385,0.018364
48,0.800000,-0.031834,0.137118,0.049901,0.097048,0.219401,0.108430,-0.014604,0.194788,0.044034,0.104055,0.141655,0.053826,-0.033022,0.212099,0.104933,0.010063,0.140008,0.018713,0.036855,0.218553,0.040190,0.087043,0.195525,0.044760,0.110325,0.158074,0.163952,-0.047017,0.138676,0.110795,0.082244,0.209776,0.170168,0.028264,0.225493,0.176651,0.035645,0.249879,0.108146,-0.017749,0.202108,0.172464,-0.034357,0.149444,0.168654,0.041718,0.162719,0.211358,0.012526,0.164076,0.208111,0.072873,0.163639,0.210595,0.067384,0.142078,0.017853,0.118900,0.148421,0.107741,0.037371,0.141392,0.018362
49,0.816667,-0.031829,0.137117,0.049897,0.097041,0.219391,0.108422,-0.014606,0.194787,0.044032,0.104055,0.141652,0.053824,-0.033026,0.212099,0.104933,0.010063,0.140010,0.018713,0.036857,0.218554,0.040191,0.087048,0.195531,0.044765,0.110306,0.158066,0.163944,-0.047019,0.138678,0.110795,0.082243,0.209780,0.170170,0.028232,0.225529,0.176656,0.035644,0.249879,0.108145,-0.017749,0.202110,0.172465,-0.034358,0.149443,0.168654,0.041714,0.162717,0.211357,0.012525,0.164075,0.208112,0.072872,0.163638,0.210595,0.067385,0.142078,0.017850,0.118903,0.148420,0.107739,0.037368,0.141383,0.018371
50,0.833333,-0.031837,0.137121,0.049899,0.097045,0.219404,0.108432,-0.014602,0.194788,0.044030,0.104055,0.141656,0.053827,-0.033028,0.212098,0.104926,0.010067,0.140014,0.018708,0.036853,0.218555,0.040190,0.087047,0.195529,0.044764,0.110312,0.158072,0.163946,-0.047019,0.138678,0.110793,0.082244,0.209780,0.170168,0.028262,0.225489,0.176651,0.035644,0.249880,0.108145,-0.017751,0.202112,0.172466,-0.034357,0.149443,0.168656,0.041715,0.162713,0.211356,0.012521,0.164074,0.208110,0.072872,0.163637,0.210594,0.067384,0.142080,0.017851,0.118900,0.148421,0.107741,0.037372,0.141383,0.018368
51,0.850000,-0.031833,0.137121,0.049901,0.097045,0.219401,0.108429,-0.014608,0.194783,0.044029,0.104053,0.141656,0.053828,-0.033031,0.212097,0.104927,0.010068,0.140008,0.018710,0.036854,0.218552,0.040190,0.087044,0.195529,0.044766,0.110312,0.158070,0.163944,-0.047016,0.138670,0.110795,0.082246,0.209780,0.170171,0.028232,0.225530,0.176658,0.035645,0.249879,0.108143,-0.017750,0.202108,0.172463,-0.034359,0.149441,0.168654,0.041714,0.162713,0.211357,0.012509,0.164093,0.208126,0.072869,0.163639,0.210593,0.067378,0.142076,0.017849,0.118899,0.148419,0.107738,0.037366,0.141385,0.018364
52,0.866667,-0.031834,0.137123,0.049898,0.097047,0.219400,0.108427,-0.014604,0.194786,0.044032,0.104053,0.141655,0.053826,-0.033024,0.212093,0.104936,0.010067,0.140009,0.018715,0.036854,0.218551,0.040189,0.087044,0.195529,0.044765,0.110315,0.158072,0.163949,-0.047015,0.138670,0.110797,0.082244,0.209774,0.170166,0.028235,0.225530,0.176659,0.035645,0.249877,0.108145,-0.017751,0.202106,0.172465,-0.034358,0.149440,0.168654,0.041716,0.162716,0.211359,0.012525,0.164071,0.208109,0.072873,0.163639,0.210593,0.067383,0.142079,0.017851,0.118898,0.148418,0.107742,0.037364,0.141385,0.018370
53,0.883333,-0.031833,0.137119,0.049903,0.097058,0.219367,0.108415,-0.014606,0.194783,0.044032,0.104056,0.141656,0.053827,-0.033031,0.212096,0.104926,0.010065,0.140007,0.018717,0.036855,0.218551,0.040190,0.087039,0.195525,0.044759,0.110316,0.158071,0.163949,-0.047019,0.138678,0.110794,0.082245,0.209776,0.170168,0.028230,0.225530,0.176657,0.035645,0.249875,0.108143,-0.017749,0.202105,0.172464,-0.034357,0.149442,0.168654,0.041717,0.162716,0.211360,0.012524,0.164072,0.208108,0.072872,0.163637,0.210593,0.067380,0.142080,0.017848,0.118900,0.148420,0.107739,0.037365,0.141385,0.018369
54,0.900000,-0.031835,0.137119,0.049901,0.097048,0.219402,0.108427,-0.014603,0.194787,0.044033,0.104055,0.141654,0.053826,-0.033023,0.212097,0.104936,0.010068,0.140011,0.018709,0.036855,0.218555,0.040191,0.087042,0.195524,0.044763,0.110313,0.158070,0.163949,-0.047018,0.138674,0.110794,0.082246,0.209777,0.170168,0.028234,0.225530,0.176658,0.035646,0.249880,0.108146,-0.017750,0.202107,0.172464,-0.034356,0.149440,0.168653,0.041717,0.162715,0.211358,0.012507,0.164092,0.208129,0.072873,0.163637,0.210594,0.067383,0.142078,0.017849,0.118903,0.148421,0.107742,0.037366,0.141387,0.018368
55,0.916667,-0.031830,0.137120,0.049900,0.097056,0.219401,0.108430,-0.014604,0.194786,0.044029,0.104053,0.141655,0.053829,-0.033023,0.212096,0.104935,0.010067,0.140008,0.018714,0.036857,0.218555,0.040190,0.087047,0.195531,0.044765,0.110313,0.158068,0.163947,-0.047021,0.138678,0.110793,0.082246,0.209777,0.170168,0.028236,0.225530,0.176659,0.035646,0.249878,0.108146,-0.017750,0.202108,0.172464,-0.034356,0.149437,0.168654,0.041729,0.162729,0.211361,0.012508,0.164091,0.208128,0.072872,0.163635,0.210594,0.067384,0.142079,0.017853,0.118904,0.148419,0.107740,0.037370,0.141391,0.018363
56,0.933333,-0.031831,0.137119,0.049902,0.097049,0.219402,0.108429,-0.014605,0.194785,0.044030,0.104051,0.141652,0.053826,-0.033023,0.212097,0.104934,0.010066,0.140011,0.018715,0.036856,0.218552,0.040190,0.087038,0.195525,0.044760,0.110310,0.158065,0.163941,-0.047018,0.138680,0.110793,0.082246,0.209776,0.170168,0.028262,0.225490,0.176650,0.035645,0.249878,0.108144,-0.017749,0.202105,0.172462,-0.034359,0.149444,0.168654,0.041715,0.162714,0.211358,0.012526,0.164073,0.208108,0.072873,0.163638,0.210592,0.067382,0.142079,0.017851,0.118902,0.148418,0.107742,0.037368,0.141383,0.018367
57,0.950000,-0.031834,0.137123,0.049899,0.097039,0.219390,0.108420,-0.014604,0.194786,0.044031,0.104052,0.141652,0.053827,-0.033022,0.212096,0.104936,0.010064,0.140011,0.018712,0.036853,0.218550,0.040189,0.087045,0.195530,0.044764,0.110313,0.158069,0.163949,-0.047018,0.138674,0.110794,0.082246,0.209778,0.170169,0.028233,0.225531,0.176658,0.035644,0.249878,0.108145,-0.017749,0.202107,0.172461,-0.034356,0.149437,0.168653,0.041719,0.162715,0.211358,0.012526,0.164073,0.208110,0.072875,0.163637,0.210592,0.067382,0.142078,0.017849,0.118902,0.148422,0.107742,0.037368,0.141388,0.018368
58,0.966667,-0.031832,0.137123,0.049899,0.097048,0.219402,0.108429,-0.014604,0.194784,0.044031,0.104052,0.141654,0.053826,-0.033024,0.212098,0.104933,0.010065,0.140006,0.018716,0.036855,0.218552,0.040189,0.087045,0.195530,0.044764,0.110328,0.158077,0.163953,-0.047018,0.138671,0.110793,0.082246,0.209777,0.170170,0.028234,0.225532,0.176659,0.035644,0.249877,0.108144,-0.017749,0.202109,0.172465,-0.034357,0.149443,0.168654,0.041717,0.162715,0.211357,0.012524,0.164071,0.208108,0.072875,0.163639,0.210592,0.067385,0.142079,0.017849,0.118898,0.148419,0.107741,0.037366,0.141386,0.018369
59,0.983333,-0.031831,0.137119,0.049895,0.097047,0.219401,0.108430,-0.014607,0.194784,0.044031,0.104053,0.141653,0.053826,-0.033026,0.212098,0.104933,0.010064,0.140007,0.018715,0.036853,0.218554,0.040188,0.087045,0.195530,0.044765,0.110309,0.158068,0.163946,-0.047018,0.138679,0.110794,0.082247,0.209781,0.170170,0.028232,0.225530,0.176657,0.035644,0.249876,0.108144,-0.017751,0.202111,0.172462,-0.034359,0.149441,0.168655,0.041717,0.162714,0.211357,0.012507,0.164094,0.208128,0.072873,0.163640,0.210592,0.067382,0.142078,0.017849,0.118897,0.148413,0.107740,0.037367,0.141384,0.018362
60,1.000000,-0.031830,0.137117,0.049899,0.097058,0.219370,0.108415,-0.014603,0.194783,0.044031,0.104056,0.141657,0.053824,-0.033022,0.212100,0.104933,0.010067,0.140008,0.018714,0.036856,0.218554,0.040189,0.087046,0.195529,0.044763,0.110315,0.158071,0.163947,-0.047019,0.138677,0.110790,0.082245,0.209776,0.170170,0.028261,0.225491,0.176649,0.035646,0.249879,0.108144,-0.017749,0.202109,0.172461,-0.034357,0.149438,0.168654,0.041717,0.162718,0.211355,0.012524,0.164069,0.208106,0.072875,0.163640,0.210594,0.067383,0.142078,0.017848,0.118901,0.148416,0.107740,0.037368,0.141387,0.018366
61,1.016667,-0.031831,0.137117,0.049900,0.097039,0.219391,0.108423,-0.014605,0.194786,0.044029,0.104053,0.141653,0.053826,-0.033029,0.212096,0.104925,0.010063,0.140008,0.018712,0.036855,0.218552,0.040190,0.087046,0.195528,0.044764,0.110308,0.158068,0.163946,-0.047021,0.138681,0.110789,0.082243,0.209778,0.170168,0.028234,0.225532,0.176657,0.035645,0.249880,0.108143,-0.017751,0.202111,0.172463,-0.034360,0.149443,0.168655,0.041715,0.162719,0.211357,0.012522,0.164068,0.208107,0.072871,0.163635,0.210594,0.067382,0.142078,0.017848,0.118902,0.148419,0.107738,0.037365,0.141386,0.018364
62,1.033333,-0.031830,0.137119,0.049899,0.097046,0.219404,0.108428,-0.014603,0.194786,0.044031,0.104055,0.141652,0.053825,-0.033028,0.212095,0.104928,0.010063,0.140011,0.018708,0.036855,0.218551,0.040188,0.087043,0.195527,0.044760,0.110313,0.158068,0.163945,-0.047022,0.138682,0.110793,0.082247,0.209779,0.170168,0.028231,0.225530,0.176655,0.035647,0.249880,0.108144,-0.017749,0.202112,0.172461,-0.034360,0.149444,0.168652,0.041716,0.162719,0.211356,0.012505,0.164092,0.208128,0.072873,0.163641,0.210594,0.067388,0.142078,0.017849,0.118901,0.148416,0.107734,0.037364,0.141383,0.018367
63,1.050000,-0.031832,0.137118,0.049898,0.097043,0.219390,0.108419,-0.014607,0.194783,0.044029,0.104055,0.141652,0.053825,-0.033025,0.212097,0.104930,0.010068,0.140012,0.018711,0.036854,0.218553,0.040191,0.087045,0.195530,0.044763,0.110312,0.158067,0.163944,-0.047020,0.138674,0.110793,0.082246,0.209775,0.170169,0.028233,0.225533,0.176656,0.035644,0.249879,0.108144,-0.017749,0.202108,0.172462,-0.034358,0.149440,0.168652,0.041716,0.162716,0.211356,0.012523,0.164072,0.208110,0.072874,0.163639,0.210593,0.067382,0.142078,0.017850,0.118902,0.148418,0.107742,0.037368,0.141384,0.018369
64,1.066667,-0.031830,0.137118,0.049899,0.097040,0.219389,0.108421,-0.014605,0.194787,0.044033,0.104056,0.141649,0.053824,-0.033021,0.212098,0.104931,0.010067,0.140012,0.018716,0.036856,0.218554,0.040190,0.087046,0.195530,0.044767,0.110315,0.158069,0.163946,-0.047017,0.138671,0.110792,0.082246,0.209778,0.170168,0.028234,0.225534,0.176656,0.035647,0.249878,0.108142,-0.017751,0.202106,0.172462,-0.034357,0.149436,0.168650,0.041718,0.162717,0.211357,0.012509,0.164094,0.208125,0.072874,0.163640,0.210593,0.067386,0.142075,0.017849,0.118905,0.148417,0.107738,0.037361,0.141383,0.018369
65,1.083333,-0.031833,0.137118,0.049897,0.097048,0.219402,0.108428,-0.014605,0.194786,0.044031,0.104054,0.141652,0.053825,-0.033027,0.212095,0.104926,0.010060,0.140007,0.018715,0.036854,0.218553,0.040190,0.087044,0.195527,0.044766,0.110315,0.158071,0.163947,-0.047020,0.138679,0.110791,0.082247,0.209778,0.170169,0.028234,0.225531,0.176655,0.035644,0.249877,0.108143,-0.017748,0.202107,0.172462,-0.034359,0.149438,0.168652,0.041718,0.162716,0.211356,0.012524,0.164076,0.208109,0.072876,0.163638,0.210592,0.067382,0.142074,0.017852,0.118901,0.148416,0.107739,0.037365,0.141385,0.018366
66,1.100000,-0.031832,0.137118,0.049901,0.097059,0.219369,0.108416,-0.014604,0.194785,0.044030,0.104054,0.141651,0.053826,-0.033023,0.212099,0.104931,0.010067,0.140009,0.018716,0.036855,0.218551,0.040190,0.087047,0.195528,0.044765,0.110315,0.158070,0.163946,-0.047018,0.138677,0.110795,0.082246,0.209775,0.170173,0.028233,0.225530,0.176655,0.035645,0.249879,0.108145,-0.017749,0.202108,0.172461,-0.034360,0.149447,0.168652,0.041718,0.162717,0.211356,0.012522,0.164069,0.208107,0.072873,0.163634,0.210593,0.067383,0.142076,0.017849,0.118902,0.148416,0.107740,0.037369,0.141380,0.018368
67,1.116667,-0.031835,0.137122,0.049899,0.097055,0.219403,0.108428,-0.014605,0.194788,0.044031,0.104056,0.141655,0.053827,-0.033020,0.212096,0.104931,0.010067,0.140008,0.018711,0.036857,0.218552,0.040190,0.087046,0.195527,0.044765,0.110313,0.158070,0.163947,-0.047022,0.138680,0.110793,0.082244,0.209777,0.170168,0.028233,0.225530,0.176657,0.035646,0.249877,0.108143,-0.017748,0.202107,0.172461,-0.034356,0.149440,0.168651,0.041718,0.162717,0.211358,0.012521,0.164072,0.208109,0.072876,0.163639,0.210593,0.067384,0.142077,0.017851,0.118902,0.148421,0.107740,0.037364,0.141384,0.018366
68,1.133333,-0.031828,0.137114,0.049895,0.097046,0.219400,0.108428,-0.014609,0.194784,0.044030,0.104051,0.141647,0.053825,-0.033028,0.212096,0.104924,0.010066,0.140008,0.018717,0.036853,0.218552,0.040189,0.087046,0.195530,0.044769,0.110311,0.158066,0.163947,-0.047021,0.138677,0.110792,0.082245,0.209773,0.170168,0.028262,0.225488,0.176651,0.035646,0.249875,0.108144,-0.017750,0.202104,0.172461,-0.034359,0.149441,0.168652,0.041716,0.162714,0.211357,0.012523,0.164072,0.208109,0.072873,0.163635,0.210593,0.067383,0.142076,0.017851,0.118901,0.148415,0.107740,0.037362,0.141378,0.018371
69,1.150000,-0.031832,0.137122,0.049896,0.097041,0.219389,0.108419,-0.014605,0.194783,0.044029,0.104052,0.141654,0.053826,-0.033023,0.212096,0.104933,0.010066,0.140010,0.018715,0.036853,0.218553,0.040188,0.087044,0.195528,0.044764,0.110314,0.158068,0.163947,-0.047021,0.138677,0.110793,0.082247,0.209778,0.170170,0.028263,0.225488,0.176648,0.035644,0.249879,0.108143,-0.017748,0.202104,0.172466,-0.034357,0.149441,0.168651,0.041718,0.162717,0.211358,0.012526,0.164071,0.208109,0.072873,0.163635,0.210593,0.067383,0.142077,0.017851,0.118900,0.148416,0.107740,0.037366,0.141386,0.018368
70,1.166667,-0.031833,0.137123,0.049898,0.097046,0.219403,0.108430,-0.014606,0.194786,0.044026,0.104052,0.141651,0.053823,-0.033027,0.212095,0.104924,0.010068,0.140014,0.018705,0.036855,0.218551,0.040189,0.087046,0.195530,0.044764,0.110311,0.158069,0.163946,-0.047022,0.138677,0.110792,0.082256,0.209764,0.170170,0.028233,0.225529,0.176656,0.035645,0.249877,0.108142,-0.017749,0.202105,0.172462,-0.034358,0.149443,0.168651,0.041716,0.162716,0.211357,0.012508,0.164093,0.208125,0.072870,0.163637,0.210592,0.067383,0.142077,0.017853,0.118903,0.148420,0.107740,0.037367,0.141387,0.018366
71,1.183333,-0.031833,0.137117,0.049899,0.097046,0.219404,0.108428,-0.014607,0.194785,0.044029,0.104054,0.141655,0.053828,-0.033030,0.212096,0.104927,0.010068,0.140007,0.018715,0.036855,0.218552,0.040190,0.087046,0.195532,0.044767,0.110307,0.158068,0.163947,-0.047021,0.138678,0.110793,0.082246,0.209779,0.170169,0.028230,0.225529,0.176655,0.035644,0.249878,0.108142,-0.017750,0.202108,0.172462,-0.034359,0.149440,0.168651,0.041717,0.162715,0.211356,0.012507,0.164093,0.208127,0.072872,0.163636,0.210593,0.067382,0.142080,0.017849,0.118904,0.148417,0.107739,0.037364,0.141387,0.018364
72,1.200000,-0.031834,0.137119,0.049900,0.097040,0.219389,0.108419,-0.014606,0.194783,0.044030,0.104055,0.141661,0.053824,-0.033029,0.212091,0.104926,0.010065,0.140010,0.018718,0.036855,0.218553,0.040191,0.087046,0.195528,0.044764,0.110313,0.158072,0.163947,-0.047019,0.138677,0.110792,0.082244,0.209778,0.170166,0.028234,0.225528,0.176653,0.035644,0.249878,0.108145,-0.017747,0.202109,0.172463,-0.034359,0.149444,0.168652,0.041714,0.162717,0.211355,0.012511,0.164101,0.208130,0.072873,0.163639,0.210592,0.067384,0.142081,0.017849,0.118903,0.148422,0.107737,0.037365,0.141386,0.018367
73,1.216667,-0.031830,0.137116,0.049900,0.097049,0.219402,0.108428,-0.014605,0.194783,0.044029,0.104054,0.141655,0.053822,-0.033029,0.212095,0.104926,0.010068,0.140014,0.018713,0.036856,0.218551,0.040189,0.087042,0.195522,0.044760,0.110310,0.158071,0.163945,-0.047023,0.138683,0.110792,0.082245,0.209782,0.170169,0.028235,0.225531,0.176657,0.035644,0.249875,0.108145,-0.017748,0.202106,0.172461,-0.034356,0.149440,0.168652,0.041715,0.162716,0.211354,0.012507,0.164093,0.208126,0.072871,0.163639,0.210592,0.067386,0.142077,0.017852,0.118901,0.148418,0.107736,0.037370,0.141386,0.018366
74,1.233333,-0.031835,0.137126,0.049896,0.097057,0.219403,0.108428,-0.014602,0.194783,0.044030,0.104055,0.141657,0.053826,-0.033022,0.212098,0.104932,0.010064,0.140014,0.018709,0.036856,0.218552,0.040189,0.087049,0.195529,0.044766,0.110314,0.158071,0.163943,-0.047017,0.138674,0.110795,0.082245,0.209775,0.170168,0.028235,0.225533,0.176655,0.035647,0.249880,0.108143,-0.017750,0.202112,0.172462,-0.034354,0.149441,0.168652,0.041717,0.162718,0.211354,0.012508,0.164087,0.208124,0.072874,0.163638,0.210591,0.067388,0.142078,0.017850,0.118903,0.148418,0.107736,0.037369,0.141390,0.018362
75,1.250000,-0.031837,0.137123,0.049897,0.097048,0.219402,0.108425,-0.014604,0.194786,0.044030,0.104053,0.141655,0.053824,-0.033030,0.212100,0.104926,0.010067,0.140015,0.018709,0.036853,0.218553,0.040189,0.087045,0.195532,0.044764,0.110310,0.158065,0.163943,-0.047022,0.138679,0.110791,0.082248,0.209779,0.170169,0.028232,0.225531,0.176653,0.035645,0.249877,0.108141,-0.017862,0.201617,0.172159,-0.034358,0.149444,0.168652,0.041720,0.162714,0.211355,0.012524,0.164067,0.208105,0.072870,0.163637,0.210591,0.067386,0.142078,0.017848,0.118901,0.148417,0.107739,0.037366,0.141386,0.018361
76,1.266667,-0.031833,0.137113,0.049899,0.097048,0.219405,0.108426,-0.014602,0.194786,0.044031,0.104053,0.141651,0.053826,-0.033028,0.212097,0.104926,0.010068,0.140013,0.018711,0.036854,0.218551,0.040190,0.087040,0.195525,0.044760,0.110315,0.158071,0.163947,-0.047021,0.138680,0.110794,0.082246,0.209780,0.170169,0.028234,0.225529,0.176656,0.035646,0.249878,0.108144,-0.017750,0.202109,0.172461,-0.034355,0.149440,0.168654,0.041717,0.162713,0.211358,0.012509,0.164095,0.208127,0.072872,0.163637,0.210592,0.067384,0.142079,0.017850,0.118901,0.148415,0.107739,0.037371,0.141391,0.018361
77,1.283333,-0.031835,0.137117,0.049898,0.097047,0.219405,0.108427,-0.014606,0.194785,0.044031,0.104055,0.141654,0.053827,-0.033025,0.212098,0.104935,0.010063,0.140011,0.018707,0.036854,0.218552,0.040189,0.087046,0.195530,0.044766,0.110309,0.158068,0.163946,-0.047019,0.138678,0.110796,0.082246,0.209778,0.170169,0.028233,0.225529,0.176657,0.035646,0.249876,0.108143,-0.017750,0.202109,0.172462,-0.034355,0.149440,0.168652,0.041717,0.162717,0.211356,0.012506,0.164094,0.208128,0.072871,0.163638,0.210593,0.067384,0.142078,0.017848,0.118904,0.148420,0.107739,0.037367,0.141389,0.018361
78,1.300000,-0.031835,0.137121,0.049901,0.097063,0.219384,0.108423,-0.014606,0.194786,0.044030,0.104053,0.141652,0.053828,-0.033028,0.212093,0.104924,0.010064,0.140017,0.018710,0.036856,0.218554,0.040188,0.087043,0.195529,0.044764,0.110306,0.158066,0.163943,-0.047019,0.138679,0.110793,0.082245,0.209778,0.170167,0.028233,0.225532,0.176655,0.035646,0.249878,0.108144,-0.017750,0.202107,0.172463,-0.034358,0.149442,0.168652,0.041715,0.162714,0.211356,0.012524,0.164071,0.208106,0.072873,0.163639,0.210591,0.067382,0.142079,0.017849,0.118901,0.148419,0.107736,0.037365,0.141382,0.018368
79,1.316667,-0.031834,0.137123,0.049898,0.097048,0.219404,0.108428,-0.014603,0.194785,0.044032,0.104055,0.141656,0.053826,-0.033028,0.212096,0.104927,0.010067,0.140013,0.018712,0.036854,0.218552,0.040190,0.087044,0.195531,0.044765,0.110311,0.158068,0.163943,-0.047021,0.138678,0.110795,0.082245,0.209777,0.170166,0.028235,0.225531,0.176657,0.035645,0.249877,0.108142,-0.017749,0.202110,0.172464,-0.034356,0.149440,0.168652,0.041718,0.162711,0.211354,0.012510,0.164096,0.208129,0.072873,0.163635,0.210592,0.067384,0.142079,0.017852,0.118900,0.148418,0.107739,0.037366,0.141388,0.018364
80,1.333333,-0.031834,0.137122,0.049900,0.097047,0.219401,0.108427,-0.014608,0.194783,0.044030,0.104050,0.141653,0.053826,-0.033026,0.212098,0.104926,0.010063,0.140015,0.018716,0.036854,0.218551,0.040189,0.087045,0.195529,0.044766,0.110323,0.158078,0.163949,-0.047020,0.138678,0.110793,0.082244,0.209775,0.170168,0.028263,0.225488,0.176648,0.035642,0.249878,0.108145,-0.017749,0.202108,0.172461,-0.034359,0.149440,0.168653,0.041715,0.162715,0.211355,0.012522,0.164069,0.208108,0.072873,0.163637,0.210590,0.067382,0.142078,0.017851,0.118901,0.148420,0.107741,0.037368,0.141386,0.018363
