Format Version,1.23,Take Name,static_circumference17_9_usethis,Take Notes,,Capture Frame Rate,60.000000,Export Frame Rate,60.000000,Capture Start Time,2021-09-17 10.57.05.993 AM,Total Frames in Take,245,Total Exported Frames,245,Rotation Type,XYZ,Length Units,Millimeters,Coordinate Space,Global

,Type,Marker,Marker,Marker,Marker,Marker,Marker,Marker,Marker,Marker,Marker,Marker,Marker,Marker,Marker,Marker,Marker,Marker,Marker,Marker,Marker,Marker,Marker,Marker,Marker,Marker,Marker,Marker,Marker,Marker,Marker,Marker,Marker,Marker,Marker,Marker,Marker
,Name,Unlabeled 1024,Unlabeled 1024,Unlabeled 1024,Unlabeled 1025,Unlabeled 1025,Unlabeled 1025,Unlabeled 1026,Unlabeled 1026,Unlabeled 1026,Unlabeled 1027,Unlabeled 1027,Unlabeled 1027,Unlabeled 1028,Unlabeled 1028,Unlabeled 1028,Unlabeled 1029,Unlabeled 1029,Unlabeled 1029,Unlabeled 1030,Unlabeled 1030,Unlabeled 1030,Unlabeled 1031,Unlabeled 1031,Unlabeled 1031,Unlabeled 1032,Unlabeled 1032,Unlabeled 1032,Unlabeled 1033,Unlabeled 1033,Unlabeled 1033,Unlabeled 1034,Unlabeled 1034,Unlabeled 1034,Unlabeled 1035,Unlabeled 1035,Unlabeled 1035
,ID,"C3560","C3560","C3560","C3580","C3580","C3580","C35F0","C35F0","C35F0","C3600","C3600","C3600","C3610","C3610","C3610","C3620","C3620","C3620","C3630","C3630","C3630","C3640","C3640","C3640","C3650","C3650","C3650","C3660","C3660","C3660","C3670","C3670","C3670","C3680","C3680","C3680"
,,Position,Position,Position,Position,Position,Position,Position,Position,Position,Position,Position,Position,Position,Position,Position,Position,Position,Position,Position,Position,Position,Position,Position,Position,Position,Position,Position,Position,Position,Position,Position,Position,Position,Position,Position,Position
Frame,Time (Seconds),X,Y,Z,X,Y,Z,X,Y,Z,X,Y,Z,X,Y,Z,X,Y,Z,X,Y,Z,X,Y,Z,X,Y,Z,X,Y,Z,X,Y,Z,X,Y,Z
0,0.000000,112.472382,146.298111,20.460234,58.204548,150.722168,18.674095,2.638395,152.665466,92.068222,159.702744,160.757019,97.422340,15.584204,151.520126,54.680046,150.761597,152.343643,58.884686,84.547882,153.455017,14.444665,14.249953,180.080872,162.112289,51.081696,197.429260,192.644669,80.492767,196.438812,199.174530,105.983131,199.793594,193.498703,147.729599,178.015198,157.693588
1,0.016667,112.469818,146.312836,20.460711,58.190094,150.727173,18.668186,2.638629,152.665771,92.068634,159.700958,160.763321,97.424767,15.588326,151.516220,54.676346,150.759995,152.341843,58.888851,84.550674,153.457825,14.442148,14.249341,180.079712,162.111572,51.081593,197.426147,192.642242,80.491043,196.440994,199.175171,105.983727,199.796555,193.501740,147.727936,178.017441,157.693893
2,0.033333,112.470016,146.310532,20.460144,58.201393,150.721664,18.676929,2.637837,152.664673,92.070648,159.703827,160.758255,97.421791,15.589230,151.516647,54.678288,150.760284,152.340073,58.885139,84.549263,153.450836,14.447922,14.254517,180.074310,162.110550,51.080284,197.431122,192.640274,80.493752,196.443665,199.173889,105.981934,199.795151,193.499619,147.729065,178.015472,157.692337
3,0.050000,112.473267,146.292587,20.462587,58.203396,150.715408,18.681236,2.635880,152.670578,92.068199,159.701874,160.761353,97.422218,15.587252,151.519974,54.676025,150.762558,152.341522,58.886097,84.535728,153.433151,14.442025,14.248949,180.080399,162.107452,51.082462,197.432999,192.641815,80.494766,196.440735,199.173676,105.983093,199.797867,193.502975,147.730835,178.021606,157.693741
4,0.066667,112.474495,146.295959,20.463095,58.188957,150.725830,18.669323,2.640717,152.662415,92.072922,159.701126,160.759247,97.425461,15.585086,151.515015,54.682384,150.759827,152.344727,58.885933,84.551056,153.449341,14.446605,14.250170,180.077133,162.111740,51.083702,197.429352,192.643631,80.494949,196.438980,199.174774,105.982620,199.796005,193.504013,147.727707,178.017014,157.694412
5,0.083333,112.468048,146.312683,20.458788,58.205265,150.715393,18.680481,2.636321,152.666626,92.068451,159.699921,160.755508,97.423241,15.583757,151.520187,54.678223,150.760162,152.336166,58.890926,84.534035,153.435638,14.442610,14.248393,180.076599,162.110123,51.082424,197.429337,192.642319,80.493607,196.441025,199.176773,105.982788,199.796997,193.500946,147.727814,178.017807,157.692627
6,0.100000,112.473427,146.294174,20.462959,58.205235,150.718674,18.675774,2.639927,152.659470,92.067764,159.702850,160.758987,97.426270,15.583297,151.522141,54.678398,150.758545,152.337067,58.884159,84.550720,153.450943,14.447740,14.249689,180.079163,162.110764,51.081219,197.428177,192.643997,80.495979,196.441483,199.172791,105.983032,199.798492,193.498840,147.730621,178.018448,157.693970
7,0.116667,112.474159,146.297882,20.464628,58.204552,150.716766,18.677971,2.639201,152.663620,92.069405,159.701675,160.761780,97.424545,15.588778,151.521393,54.678211,150.758209,152.336349,58.890221,84.548859,153.452789,14.445963,14.251507,180.075638,162.111755,51.081593,197.425018,192.642258,80.494240,196.442673,199.175415,105.982880,199.795547,193.499557,147.730133,178.015274,157.693787
8,0.133333,112.472351,146.293350,20.465225,58.204922,150.714294,18.678936,2.638261,152.665390,92.068047,159.701782,160.761490,97.423340,15.586348,151.519791,54.675114,150.762680,152.336670,58.886002,84.547546,153.457504,14.445399,14.249372,180.080566,162.108292,51.081398,197.432343,192.640213,80.493759,196.446014,199.175934,105.983452,199.794067,193.497742,147.731140,178.017212,157.691864
9,0.150000,112.474686,146.296265,20.462439,58.205711,150.719315,18.675812,2.641703,152.661774,92.071617,159.701904,160.755142,97.428734,15.589005,151.519989,54.674637,150.762863,152.338730,58.888775,84.549744,153.454208,14.444296,14.250968,180.079056,162.110764,51.083096,197.430450,192.642792,80.495636,196.440170,199.172638,105.983864,199.792358,193.498825,147.729111,178.013657,157.693573
10,0.166667,112.469833,146.312836,20.459383,58.205013,150.713287,18.678726,2.635807,152.667984,92.068596,159.698410,160.756882,97.426949,15.589285,151.515900,54.675404,150.762604,152.334946,58.891228,84.550209,153.450134,14.444822,14.248709,180.076157,162.108444,51.081367,197.428818,192.642502,80.492973,196.442490,199.174026,105.982773,199.796356,193.501801,147.729431,178.017792,157.694809
11,0.183333,112.475166,146.296936,20.463303,58.207390,150.715576,18.678755,2.637493,152.664597,92.067657,159.701965,160.755478,97.427811,15.586004,151.518433,54.678726,150.747849,152.360687,58.872330,84.551804,153.452606,14.444576,14.250059,180.079224,162.110703,51.080437,197.428711,192.642075,80.494057,196.437515,199.172485,105.984093,199.795319,193.499176,147.728531,178.013275,157.696136
12,0.200000,112.469109,146.311646,20.458639,58.203991,150.716537,18.678391,2.639886,152.665161,92.071053,159.702164,160.757751,97.429413,15.587733,151.519226,54.676178,150.762909,152.336899,58.888470,84.553780,153.451935,14.446477,14.252075,180.072495,162.112366,51.082779,197.429108,192.643463,80.493805,196.441452,199.177170,105.985214,199.795761,193.503189,147.729889,178.016205,157.696930
13,0.216667,112.469444,146.313141,20.455317,58.204082,150.719360,18.673641,2.636744,152.669693,92.067276,159.704651,160.758438,97.420944,15.587027,151.523453,54.673359,150.763885,152.337845,58.887489,84.534248,153.433395,14.442788,14.249546,180.082031,162.107605,51.082230,197.429337,192.642624,80.495972,196.440994,199.172653,105.983070,199.798355,193.500961,147.725174,178.016159,157.695236
14,0.233333,112.474472,146.299957,20.455301,58.203701,150.719482,18.679081,2.638289,152.659836,92.069473,159.702240,160.756760,97.427094,15.587747,151.515198,54.678055,150.764343,152.340836,58.883987,84.549538,153.452240,14.444100,14.250642,180.076004,162.112350,51.083260,197.430313,192.641968,80.492561,196.443100,199.175751,105.984123,199.794128,193.502319,147.729767,178.016769,157.695877
15,0.250000,112.476624,146.301239,20.459770,58.208496,150.716797,18.674240,2.637316,152.669113,92.067093,159.702942,160.758301,97.421486,15.587385,151.516891,54.676556,150.765656,152.339462,58.884830,84.551437,153.449997,14.445987,14.248248,180.081223,162.111923,51.084129,197.431061,192.641983,80.495483,196.438782,199.171600,105.984879,199.793045,193.501328,147.729752,178.018616,157.695084
16,0.266667,112.473839,146.292542,20.466745,58.193527,150.725494,18.666784,2.640443,152.664856,92.070633,159.701859,160.755020,97.420403,15.586875,151.522003,54.673176,150.767914,152.340530,58.890423,84.553253,153.452255,14.445758,14.252212,180.077484,162.113419,51.084518,197.428329,192.643097,80.493408,196.442734,199.177917,105.986137,199.795090,193.500854,147.730103,178.016510,157.699280
17,0.283333,112.475311,146.294617,20.463900,58.191906,150.724472,18.666637,2.641381,152.664963,92.069138,159.705246,160.757950,97.426727,15.584904,151.522949,54.673409,150.753906,152.364471,58.873051,84.549835,153.450424,14.443952,14.250333,180.076065,162.110809,51.082054,197.429092,192.643463,80.494171,196.440033,199.174026,105.983574,199.797073,193.501602,147.728485,178.014725,157.696960
18,0.300000,112.476715,146.294662,20.463497,58.188839,150.728806,18.664827,2.638915,152.668442,92.068855,159.703232,160.758789,97.421684,15.584511,151.522171,54.676445,150.763931,152.336044,58.886181,84.548752,153.449799,14.446396,14.251683,180.077881,162.109528,51.082348,197.429657,192.641098,80.492676,196.444443,199.177292,105.984848,199.796097,193.503143,147.730240,178.015594,157.691879
19,0.316667,112.470963,146.309326,20.461739,58.206730,150.720001,18.674553,2.638436,152.667130,92.072510,159.705307,160.761307,97.427574,15.585176,151.516357,54.678776,150.752441,152.362823,58.873642,84.551506,153.450531,14.443491,14.252039,180.075607,162.112350,51.081326,197.427856,192.642990,80.494484,196.436813,199.175797,105.982849,199.794785,193.499313,147.728058,178.013382,157.695770
20,0.333333,112.476288,146.296005,20.461008,58.192451,150.724976,18.668291,2.636136,152.669815,92.068344,159.702286,160.757980,97.426735,15.589944,151.520004,54.676140,150.766052,152.338272,58.885139,84.535583,153.435196,14.441342,14.250309,180.081314,162.108582,51.081440,197.427505,192.641388,80.492310,196.442596,199.176956,105.983215,199.796692,193.502747,147.727753,178.013748,157.692154
21,0.350000,112.474396,146.296707,20.460337,58.206768,150.716476,18.676220,2.639814,152.667404,92.072006,159.704269,160.755600,97.420937,15.586054,151.517456,54.673565,150.750687,152.362000,58.872097,84.535355,153.437088,14.441563,14.251517,180.073395,162.110779,51.085392,197.428864,192.643036,80.496101,196.439331,199.176300,105.982651,199.792313,193.501633,147.728577,178.011810,157.695190
22,0.366667,112.476334,146.297653,20.461395,58.204544,150.722076,18.676018,2.638180,152.666031,92.070602,159.704910,160.757996,97.422897,15.587723,151.522888,54.675671,150.766083,152.337357,58.886448,84.551956,153.453293,14.444618,14.253573,180.075958,162.111282,51.084381,197.426697,192.642715,80.496712,196.441544,199.177643,105.987122,199.793823,193.500534,147.733322,178.014999,157.694641
23,0.383333,112.472847,146.313370,20.455063,58.205364,150.722656,18.674726,2.641286,152.663254,92.065651,159.702698,160.759872,97.423042,15.586836,151.517319,54.676991,150.764420,152.339371,58.885727,84.551994,153.451279,14.445211,14.250518,180.079865,162.110474,51.082497,197.427429,192.643021,80.496933,196.438080,199.171951,105.983185,199.793854,193.498428,147.730042,178.015457,157.695404
24,0.400000,112.475098,146.294586,20.458549,58.202656,150.718704,18.675158,2.641812,152.664108,92.066071,159.721420,160.768265,97.426018,15.586219,151.522354,54.676018,150.763260,152.335571,58.890404,84.552246,153.454147,14.446832,14.250805,180.078415,162.113129,51.083004,197.427353,192.644379,80.498512,196.441025,199.175873,105.984047,199.792282,193.500916,147.729904,178.011520,157.691727
25,0.416667,112.473328,146.297974,20.464554,58.190960,150.728943,18.664806,2.637889,152.669296,92.068123,159.705261,160.757523,97.426086,15.585608,151.522934,54.676773,150.753265,152.362579,58.877483,84.551872,153.451935,14.446309,14.248616,180.084808,162.108734,51.080093,197.429382,192.642624,80.494629,196.438156,199.173477,105.983627,199.793884,193.501022,147.729004,178.019135,157.695282
26,0.433333,112.476173,146.295380,20.461515,58.207649,150.722214,18.674438,2.642953,152.665375,92.067696,159.704544,160.756592,97.425461,15.587423,151.521912,54.675770,150.752518,152.363800,58.875248,84.549812,153.451355,14.445843,14.252160,180.077499,162.111954,51.083656,197.426834,192.643005,80.499443,196.435745,199.174988,105.987343,199.790588,193.499557,147.731552,178.015228,157.695282
27,0.450000,112.474739,146.296417,20.458088,58.188705,150.727493,18.664820,2.637569,152.668930,92.067459,159.720840,160.769501,97.425301,15.586482,151.520172,54.675201,150.763687,152.337265,58.887947,84.548874,153.451981,14.446890,14.250560,180.081696,162.113403,51.083549,197.427933,192.643845,80.497681,196.441284,199.173157,105.987274,199.792282,193.501083,147.731476,178.014648,157.692139
28,0.466667,112.475555,146.297134,20.459846,58.190788,150.725922,18.670540,2.640204,152.664413,92.069534,159.702499,160.756760,97.425278,15.587621,151.517700,54.677044,150.764114,152.336365,58.889179,84.551552,153.456863,14.443104,14.249973,180.078995,162.110168,51.084724,197.429321,192.642685,80.498161,196.434860,199.175964,105.986526,199.790817,193.501755,147.731857,178.015244,157.694946
29,0.483333,112.469383,146.310074,20.458460,58.190865,150.725403,18.667110,2.636418,152.665482,92.068123,159.699173,160.753616,97.423759,15.584634,151.520966,54.676281,150.762817,152.337219,58.886143,84.551331,153.454147,14.446017,14.248851,180.080856,162.111069,51.083073,197.427414,192.643890,80.496437,196.436310,199.173553,105.983139,199.794556,193.501587,147.727219,178.015335,157.694656
30,0.500000,112.476189,146.291321,20.464928,58.190754,150.729721,18.667337,2.636626,152.671448,92.071007,159.702591,160.755478,97.424202,15.587635,151.519058,54.676506,150.763824,152.337296,58.887825,84.550293,153.448517,14.448893,14.250067,180.082275,162.109955,51.082600,197.427933,192.638779,80.496933,196.438202,199.173813,105.985695,199.796173,193.500198,147.728867,178.016907,157.693054
31,0.516667,112.472946,146.306137,20.461126,58.206970,150.715836,18.679867,2.639401,152.666473,92.071266,159.702667,160.756592,97.425186,15.585920,151.524841,54.678013,150.753098,152.361603,58.877331,84.534874,153.436417,14.440891,14.252459,180.074265,162.112015,51.086716,197.424606,192.643082,80.501434,196.435272,199.175568,105.988029,199.797485,193.503296,147.731445,178.014771,157.695175
32,0.533333,112.475891,146.288788,20.465269,58.202061,150.720566,18.678709,2.637006,152.665588,92.070168,159.704193,160.758591,97.421066,15.587808,151.519974,54.678471,150.762329,152.338318,58.889870,84.551094,153.450562,14.447372,14.252254,180.078827,162.111328,51.083614,197.428848,192.642624,80.499062,196.441040,199.173386,105.986557,199.794525,193.502457,147.730820,178.016403,157.694946
33,0.550000,112.475243,146.301422,20.458906,58.204262,150.719788,18.676804,2.637531,152.670151,92.068314,159.702164,160.756561,97.424721,15.585222,151.520721,54.675972,150.762329,152.331863,58.888561,84.548203,153.450348,14.444016,14.250287,180.076035,162.108597,51.081688,197.427780,192.640961,80.496544,196.435135,199.174545,105.986557,199.793289,193.501724,147.730408,178.012299,157.693970
34,0.566667,112.475449,146.296585,20.462482,58.202534,150.719635,18.677244,2.637748,152.668152,92.067169,159.702850,160.753998,97.423805,15.585695,151.521515,54.677219,150.764664,152.337067,58.890373,84.550652,153.453171,14.446625,14.249441,180.077728,162.112350,51.082512,197.429672,192.644287,80.495529,196.441895,199.177231,105.986259,199.796158,193.500946,147.727295,178.014481,157.695663
35,0.583333,112.473198,146.295837,20.463079,58.205574,150.719666,18.678774,2.638595,152.671051,92.068192,159.702759,160.757248,97.422791,15.586353,151.521378,54.675869,150.759399,152.333374,58.887890,84.549065,153.454956,14.446835,14.249032,180.081985,162.109055,51.083393,197.428711,192.641891,80.497887,196.440781,199.174789,105.983948,199.792679,193.498993,147.729706,178.016403,157.694550
36,0.600000,112.472267,146.300430,20.462318,58.204403,150.717209,18.678738,2.639896,152.666779,92.069237,159.705551,160.754120,97.423820,15.587148,151.522186,54.674854,150.759903,152.335464,58.885906,84.550392,153.453049,14.446915,14.252209,180.078049,162.113190,51.085232,197.428268,192.644928,80.499329,196.436157,199.172089,105.984032,199.795929,193.503357,147.728882,178.016724,157.696594
37,0.616667,112.474655,146.287979,20.465656,58.204418,150.718781,18.678713,2.634504,152.671265,92.066284,159.703430,160.762222,97.422394,15.585182,151.523407,54.677883,150.762238,152.335754,58.888783,84.548683,153.450592,14.450452,14.249577,180.083664,162.108047,51.083324,197.430344,192.642258,80.494026,196.441467,199.172287,105.984886,199.796722,193.499542,147.727692,178.018005,157.694901
38,0.633333,112.475754,146.294983,20.463392,58.203690,150.716995,18.677702,2.636885,152.666687,92.068420,159.701782,160.759140,97.421593,15.587669,151.518951,54.678566,150.759583,152.336441,58.887157,84.533279,153.436462,14.443498,14.251083,180.078629,162.111343,51.083889,197.429428,192.642105,80.496582,196.436020,199.176727,105.986664,199.794693,193.499832,147.729050,178.013794,157.694000
39,0.650000,112.473511,146.297882,20.460680,58.202267,150.723602,18.676100,2.637526,152.671097,92.069107,159.700150,160.755234,97.421173,15.587991,151.517960,54.679474,150.760483,152.337662,58.885155,84.547874,153.453171,14.447297,14.250564,180.078476,162.110077,51.082954,197.427750,192.643890,80.495605,196.441727,199.176804,105.983574,199.796585,193.504471,147.726501,178.014450,157.694839
40,0.666667,112.473984,146.293365,20.465031,58.206825,150.716675,18.679487,2.640476,152.667953,92.066254,159.700745,160.758621,97.425461,15.583914,151.522980,54.675411,150.763519,152.338058,58.886227,84.548676,153.451141,14.450053,14.249611,180.078400,162.109024,51.081619,197.428345,192.642151,80.495506,196.443085,199.174393,105.985764,199.794891,193.499649,147.728165,178.014450,157.695892
41,0.683333,112.472603,146.294968,20.461678,58.200466,150.720230,18.676741,2.637773,152.662064,92.068779,159.701096,160.758545,97.423042,15.586264,151.518707,54.676907,150.758423,152.338654,58.886639,84.548569,153.451721,14.444018,14.250890,180.080460,162.110321,51.085377,197.427689,192.642105,80.496414,196.441986,199.175430,105.986526,199.794846,193.500687,147.729950,178.015396,157.697205
42,0.700000,112.473244,146.301376,20.456657,58.200985,150.719238,18.680248,2.635442,152.668793,92.067833,159.701538,160.760223,97.418861,15.584165,151.525208,54.674347,150.761841,152.338776,58.886200,84.548500,153.452576,14.446971,14.247498,180.082657,162.108932,51.082253,197.431808,192.640732,80.495453,196.443283,199.173401,105.984207,199.795013,193.497665,147.725128,178.016998,157.692596
43,0.716667,112.474670,146.290283,20.470201,58.203552,150.718582,18.680637,2.640491,152.664734,92.066971,159.701797,160.762360,97.424713,15.585379,151.518311,54.677219,150.758850,152.338165,58.887569,84.548752,153.451904,14.448000,14.251393,180.080597,162.111862,51.082085,197.428436,192.640579,80.496414,196.440826,199.173615,105.984879,199.795334,193.501556,147.725464,178.016418,157.694748
44,0.733333,112.475014,146.291855,20.463451,58.201691,150.717743,18.679291,2.636873,152.666031,92.070190,159.698227,160.757278,97.427750,15.585685,151.518478,54.677135,150.758179,152.340042,58.888584,84.547493,153.447922,14.450727,14.250417,180.076859,162.110336,51.080608,197.429092,192.641403,80.491875,196.442566,199.174911,105.982391,199.795258,193.501175,147.724670,178.013535,157.692307
45,0.750000,112.468643,146.308853,20.459846,58.190865,150.728577,18.668428,2.638101,152.669693,92.068954,159.700882,160.757370,97.422821,15.587622,151.521805,54.675423,150.759705,152.341446,58.885654,84.549522,153.445892,14.448866,14.248326,180.080063,162.110794,51.082729,197.428558,192.640259,80.498047,196.440964,199.173218,105.982872,199.796799,193.500122,147.727570,178.018631,157.693619
46,0.766667,112.470337,146.294312,20.462513,58.204926,150.713089,18.680689,2.638502,152.664520,92.068367,159.702621,160.761444,97.421700,15.582431,151.525375,54.677925,150.757736,152.343246,58.884941,84.546860,153.449295,14.450779,14.250348,180.080963,162.107956,51.082767,197.428421,192.640442,80.494087,196.439407,199.175827,105.983582,199.795624,193.501953,147.727814,178.016724,157.694687
47,0.783333,112.470398,146.308945,20.461500,58.206364,150.716293,18.681108,2.637615,152.669907,92.069939,159.702438,160.758331,97.422760,15.585565,151.521347,54.677383,150.761124,152.337753,58.886635,84.550514,153.452545,14.448150,14.250136,180.081299,162.107910,51.082924,197.432404,192.640244,80.496437,196.442215,199.172867,105.983749,199.797592,193.501160,147.728241,178.020065,157.694641
48,0.800000,112.467514,146.313904,20.458178,58.207466,150.718826,18.679686,2.639196,152.664261,92.066521,159.700043,160.760223,97.424583,15.583259,151.523483,54.679432,150.747543,152.364563,58.871349,84.551125,153.450882,14.446799,14.249788,180.080963,162.109543,51.082470,197.431793,192.640121,80.495270,196.443237,199.171249,105.981956,199.796341,193.498718,147.726456,178.019928,157.694199
49,0.816667,112.467316,146.312805,20.458624,58.190125,150.721390,18.669262,2.636637,152.667282,92.069565,159.700836,160.754974,97.424217,15.585602,151.521378,54.677826,150.760529,152.340256,58.885342,84.549973,153.452820,14.444269,14.250145,180.080948,162.108459,51.081448,197.427246,192.640701,80.494781,196.442123,199.173798,105.983177,199.796906,193.501389,147.723694,178.014145,157.690262
50,0.833333,112.472992,146.295120,20.463497,58.204884,150.717728,18.677294,2.641916,152.662613,92.068611,159.716385,160.768646,97.430298,15.584896,151.515656,54.678417,150.758316,152.341812,58.887436,84.549683,153.453094,14.449745,14.251171,180.079361,162.109589,51.081097,197.430801,192.641571,80.493256,196.442902,199.173630,105.979622,199.797531,193.500534,147.727768,178.019958,157.699356
51,0.850000,112.470802,146.309433,20.463825,58.202858,150.720917,18.679918,2.640981,152.665634,92.070564,159.698776,160.759705,97.425240,15.587103,151.516678,54.680672,150.760254,152.337830,58.885487,84.549484,153.447861,14.447964,14.249817,180.078888,162.112701,51.082672,197.427658,192.641479,80.496971,196.443787,199.175552,105.983879,199.797134,193.500626,147.728058,178.020493,157.696930
52,0.866667,112.472275,146.298035,20.464436,58.203159,150.713806,18.680685,2.637454,152.668442,92.069763,159.698883,160.759155,97.424454,15.583899,151.521973,54.679916,150.749573,152.362732,58.875904,84.547150,153.451477,14.448003,14.247561,180.082947,162.108139,51.081352,197.433380,192.642303,80.494972,196.443542,199.176987,105.980560,199.798920,193.499771,147.724930,178.019043,157.696091
53,0.883333,112.472183,146.308197,20.462721,58.188713,150.723816,18.671873,2.637964,152.669922,92.068390,159.698074,160.760544,97.426506,15.585575,151.519180,54.677849,150.755127,152.336609,58.887554,84.551094,153.445389,14.449184,14.248127,180.081253,162.108704,51.081577,197.431961,192.641678,80.491661,196.445740,199.175690,105.980530,199.799332,193.503586,147.725952,178.018250,157.693558
54,0.900000,112.470558,146.297668,20.461039,58.201286,150.715729,18.683273,2.638857,152.664658,92.067184,159.699402,160.758057,97.425194,15.588295,151.519852,54.679176,150.758133,152.342270,58.887272,84.531166,153.434387,14.446870,14.250011,180.076660,162.110062,51.080303,197.429092,192.641556,80.492241,196.443787,199.175507,105.979721,199.797821,193.502960,147.725403,178.017426,157.695435
55,0.916667,112.470459,146.295258,20.463928,58.200329,150.716858,18.683218,2.638537,152.664551,92.071960,159.700439,160.762878,97.423813,15.584054,151.520599,54.677959,150.754776,152.339539,58.885826,84.549110,153.448303,14.449759,14.250528,180.079727,162.109360,51.082256,197.431320,192.643951,80.493843,196.445160,199.178482,105.982483,199.799072,193.500809,147.729248,178.020081,157.696640
56,0.933333,112.470955,146.296555,20.465046,58.203735,150.718765,18.681074,2.638594,152.666977,92.069611,159.699936,160.758743,97.421738,15.582791,151.524857,54.677361,150.746979,152.365250,58.874302,84.535606,153.426712,14.450795,14.249264,180.080826,162.108780,51.081051,197.433884,192.640762,80.492180,196.440628,199.174515,105.981499,199.802139,193.502029,147.726120,178.017685,157.697189
57,0.950000,112.475571,146.290207,20.466015,58.201195,150.716217,18.680397,2.637804,152.667358,92.070984,159.700867,160.760559,97.423264,15.581594,151.520294,54.680798,150.758575,152.341156,58.885044,84.547707,153.451263,14.448107,14.249404,180.080353,162.108780,51.078934,197.432877,192.641617,80.492188,196.450760,199.177002,105.980011,199.801346,193.501923,147.724060,178.015671,157.693192
58,0.966667,112.471313,146.294739,20.461441,58.203415,150.719376,18.678566,2.637797,152.667953,92.068954,159.697800,160.756393,97.423813,15.583058,151.522354,54.678074,150.757538,152.336700,58.887264,84.549423,153.453766,14.446568,14.248839,180.081024,162.108658,51.078697,197.430954,192.641785,80.492271,196.451553,199.176712,105.979713,199.803772,193.502853,147.726257,178.021591,157.697144
59,0.983333,112.470352,146.291443,20.461485,58.203148,150.720718,18.677574,2.635321,152.672028,92.070961,159.700516,160.759140,97.424263,15.583814,151.520859,54.678062,150.755447,152.334534,58.888863,84.543236,153.452332,14.449358,14.250789,180.081696,162.110870,51.079166,197.430481,192.643173,80.494400,196.450577,199.176575,105.982513,199.799057,193.500153,147.725723,178.014847,157.696762
60,1.000000,112.470184,146.296585,20.465374,58.200756,150.716263,18.684105,2.637465,152.664673,92.073303,159.703537,160.760162,97.427643,15.583901,151.521500,54.678295,150.757248,152.337250,58.889553,84.546234,153.451599,14.448302,14.250786,180.076904,162.111038,51.081097,197.435944,192.644653,80.491417,196.444595,199.178665,105.979927,199.798874,193.506088,147.726700,178.019470,157.698532
61,1.016667,112.471169,146.292679,20.466328,58.201866,150.717026,18.680111,2.638632,152.669662,92.070717,159.702972,160.759918,97.423035,15.585330,151.520554,54.679787,150.758148,152.338455,58.887486,84.549545,153.448959,14.450184,14.249546,180.084915,162.109467,51.081806,197.431839,192.643845,80.489784,196.444107,199.175751,105.983223,199.802063,193.501389,147.726196,178.018570,157.694641
62,1.033333,112.472198,146.297607,20.461365,58.202885,150.715820,18.682058,2.636309,152.663712,92.069702,159.699661,160.757156,97.427322,15.582444,151.520233,54.679386,150.758438,152.341354,58.885193,84.546654,153.450043,14.448833,14.250389,180.078827,162.110916,51.078327,197.433563,192.642395,80.494164,196.443039,199.177750,105.979141,199.796494,193.500153,147.728500,178.015686,157.695145
63,1.050000,112.469009,146.309372,20.465597,58.201824,150.715805,18.681162,2.635559,152.667862,92.070862,159.702164,160.761841,97.424461,15.584332,151.522003,54.678459,150.758118,152.339050,58.888496,84.550476,153.449600,14.449004,14.252350,180.081406,162.108551,51.081837,197.429993,192.644363,80.496399,196.443924,199.176117,105.984016,199.798752,193.501358,147.728180,178.021683,157.697937
64,1.066667,112.468758,146.306229,20.460844,58.188671,150.728165,18.673819,2.635712,152.667770,92.072258,159.701431,160.759430,97.424919,15.583932,151.516449,54.680752,150.758087,152.343475,58.884178,84.547791,153.448700,14.450321,14.247453,180.080734,162.109512,51.079460,197.432739,192.644012,80.492447,196.444183,199.175919,105.980721,199.794327,193.500366,147.725952,178.017807,157.696152
65,1.083333,112.468124,146.313110,20.461857,58.184711,150.725601,18.673752,2.638153,152.666489,92.069946,159.701675,160.757095,97.424347,15.582220,151.518890,54.681610,150.757782,152.340729,58.887238,84.548187,153.445053,14.451751,14.249749,180.084290,162.113510,51.079334,197.430756,192.643173,80.494118,196.442108,199.175171,105.982231,199.793701,193.501495,147.727051,178.017349,157.694672
66,1.100000,112.473282,146.290176,20.467087,58.189613,150.723984,18.670824,2.633804,152.671600,92.068359,159.702789,160.761292,97.422256,15.583949,151.512817,54.680153,150.756561,152.333893,58.889275,84.546677,153.452942,14.449576,14.249277,180.084366,162.108963,51.079346,197.434067,192.643158,80.494164,196.445450,199.173309,105.982239,199.796921,193.500168,147.727432,178.016220,157.697601
67,1.116667,112.472549,146.294373,20.461426,58.186539,150.722794,18.672966,2.637304,152.666031,92.070457,159.701263,160.758713,97.424217,15.584347,151.519623,54.680515,150.757736,152.341385,58.887447,84.548058,153.452652,14.448443,14.246938,180.079361,162.110718,51.081146,197.432190,192.642853,80.494247,196.438766,199.175034,105.982468,199.795288,193.501297,147.724365,178.016083,157.695755
68,1.133333,112.470581,146.309219,20.459398,58.199837,150.715439,18.681585,2.636019,152.664871,92.069511,159.700958,160.757156,97.426689,15.582853,151.520630,54.680233,150.760178,152.335220,58.888798,84.550285,153.445679,14.452122,14.246967,180.080490,162.112686,51.079971,197.431458,192.643158,80.494804,196.441788,199.175110,105.982864,199.794678,193.503128,147.727936,178.015778,157.694138
69,1.150000,112.469299,146.290054,20.463511,58.201118,150.713638,18.686396,2.637179,152.666702,92.069847,159.700348,160.757904,97.423973,15.581274,151.522293,54.680344,150.758301,152.338943,58.888042,84.545616,153.449219,14.448021,14.247963,180.077225,162.109833,51.083748,197.427444,192.642792,80.494614,196.441498,199.176056,105.983879,199.795181,193.500671,147.727264,178.016342,157.693542
70,1.166667,112.471657,146.291595,20.462095,58.200081,150.716537,18.679491,2.638056,152.661438,92.070236,159.701477,160.759903,97.426048,15.581306,151.520035,54.679283,150.760712,152.338974,58.888664,84.549767,153.450394,14.451377,14.248788,180.081436,162.110870,51.080196,197.428513,192.643433,80.496498,196.437912,199.174347,105.981857,199.795074,193.500290,147.726974,178.017838,157.696854
71,1.183333,112.468918,146.293488,20.462931,58.185184,150.722778,18.674696,2.635099,152.671066,92.067993,159.714005,160.768295,97.427177,15.580990,151.524307,54.678024,150.759644,152.336807,58.888832,84.531242,153.428543,14.449317,14.249202,180.080231,162.108673,51.080879,197.430328,192.642380,80.496162,196.438965,199.174088,105.983017,199.794357,193.499924,147.726700,178.016403,157.694122
72,1.200000,112.470413,146.288818,20.473152,58.201542,150.716446,18.680565,2.638355,152.665375,92.068542,159.702133,160.758209,97.423508,15.582264,151.522034,54.678391,150.757126,152.337418,58.888180,84.532074,153.434906,14.448215,14.250272,180.077713,162.111450,51.081635,197.425507,192.642212,80.496994,196.440155,199.178101,105.985451,199.791351,193.501663,147.728912,178.015762,157.696289
73,1.216667,112.464485,146.311554,20.457655,58.185760,150.724762,18.671568,2.636084,152.664230,92.071358,159.703735,160.759872,97.423477,15.582197,151.520721,54.678268,150.758698,152.334106,58.887001,84.549599,153.442795,14.450776,14.248687,180.077789,162.111221,51.080612,197.428162,192.642426,80.495667,196.439270,199.176025,105.983986,199.796570,193.502914,147.728409,178.018173,157.694977
74,1.233333,112.472580,146.285660,20.470455,58.199200,150.714951,18.682505,2.637049,152.666458,92.069633,159.704727,160.761887,97.428314,15.582500,151.523621,54.677124,150.757996,152.333664,58.887646,84.531082,153.430191,14.445842,14.247868,180.077072,162.109756,51.081856,197.430786,192.643768,80.497124,196.437592,199.175415,105.983917,199.794449,193.503036,147.731018,178.021255,157.698715
75,1.250000,112.471039,146.292816,20.464748,58.199753,150.719452,18.680864,2.637392,152.665878,92.068726,159.700104,160.757294,97.426392,15.582314,151.518265,54.681019,150.757248,152.337082,58.888268,84.545471,153.452164,14.449449,14.249200,180.076920,162.109558,51.081348,197.429749,192.643600,80.497040,196.446030,199.176514,105.984146,199.795273,193.500351,147.727295,178.018845,157.696594
76,1.266667,112.469742,146.290924,20.465733,58.200386,150.717239,18.679819,2.635196,152.666870,92.068504,159.701187,160.759659,97.426163,15.579987,151.523346,54.679321,150.757645,152.335800,58.887714,84.546074,153.454041,14.447565,14.248577,180.082932,162.109589,51.080563,197.427658,192.642883,80.495186,196.444672,199.177582,105.985535,199.793167,193.501801,147.726746,178.016052,157.695175
77,1.283333,112.471191,146.287354,20.465820,58.200684,150.717407,18.680550,2.637049,152.662888,92.070091,159.702393,160.754349,97.425621,15.579776,151.527084,54.680920,150.757965,152.336548,58.890171,84.548233,153.447876,14.449692,14.249856,180.077133,162.112305,51.080593,197.429459,192.647263,80.496315,196.441452,199.177063,105.981895,199.797699,193.503342,147.725800,178.014236,157.695145
78,1.300000,112.471466,146.290482,20.465628,58.202217,150.715607,18.679909,2.636483,152.667770,92.067337,159.703857,160.759521,97.423119,15.578956,151.526703,54.677864,150.756790,152.339554,58.888824,84.549057,153.448013,14.452062,14.248483,180.080399,162.111115,51.080307,197.429520,192.645065,80.495148,196.441620,199.175491,105.981575,199.795364,193.503555,147.728394,178.015884,157.695679
79,1.316667,112.469254,146.289459,20.468801,58.187374,150.727539,18.670113,2.638002,152.662781,92.068031,159.698975,160.754013,97.421623,15.584300,151.525055,54.677280,150.757370,152.334152,58.886086,84.547943,153.446732,14.449968,14.248950,180.078598,162.111710,51.078114,197.427994,192.640839,80.492805,196.443298,199.174667,105.984413,199.791809,193.500061,147.726273,178.014374,157.695297
80,1.333333,112.472939,146.290619,20.465076,58.201599,150.716110,18.681787,2.634998,152.666092,92.067375,159.704300,160.758850,97.424622,15.582571,151.522430,54.677303,150.760696,152.335220,58.887581,84.545753,153.451736,14.447818,14.251000,180.079651,162.111343,51.081215,197.428284,192.643219,80.496338,196.442886,199.176819,105.984550,199.795166,193.501465,147.731125,178.017334,157.697006
81,1.350000,112.469963,146.289917,20.465120,58.201637,150.717545,18.678432,2.633579,152.669724,92.067490,159.703003,160.758514,97.424881,15.582870,151.523758,54.676880,150.756836,152.339584,58.888660,84.530220,153.433456,14.448213,14.246971,180.081772,162.107925,51.080662,197.430420,192.642746,80.495186,196.440475,199.172836,105.983139,199.797455,193.499741,147.727356,178.016937,157.693192
82,1.366667,112.470711,146.287506,20.467415,58.200924,150.715805,18.678610,2.635378,152.662643,92.069229,159.701385,160.756317,97.427940,15.583345,151.524384,54.677811,150.759613,152.339157,58.886147,84.544945,153.448944,14.449942,14.248474,180.075439,162.110107,51.080563,197.427963,192.642395,80.494576,196.443832,199.177719,105.983559,199.791641,193.502884,147.729828,178.015305,157.700043
83,1.383333,112.467659,146.285706,20.468504,58.200695,150.715652,18.680813,2.637464,152.666641,92.069908,159.718597,160.768784,97.426704,15.581574,151.519882,54.680515,150.759674,152.338257,58.888111,84.548721,153.450272,14.448937,14.250176,180.076462,162.110199,51.079407,197.429794,192.643265,80.495674,196.443344,199.176636,105.985825,199.799744,193.503357,147.727493,178.013580,157.698044
84,1.400000,112.469955,146.304016,20.466476,58.201797,150.718872,18.682917,2.638372,152.667191,92.068306,159.704956,160.758423,97.429131,15.582897,151.520081,54.678928,150.759766,152.335022,58.890774,84.549973,153.449951,14.447558,14.251316,180.076797,162.109863,51.081535,197.428558,192.643570,80.494911,196.443512,199.176071,105.984695,199.792969,193.500793,147.729263,178.014801,157.695038
85,1.416667,112.469154,146.289795,20.469009,58.200718,150.715942,18.682800,2.635513,152.666519,92.070251,159.702057,160.759827,97.426163,15.581233,151.523468,54.677441,150.757034,152.335083,58.888630,84.532211,153.432816,14.446103,14.248849,180.079666,162.110336,51.083256,197.426682,192.643143,80.496948,196.441238,199.178818,105.982773,199.798416,193.502594,147.728775,178.019791,157.696487
86,1.433333,112.471954,146.290100,20.466105,58.201637,150.724197,18.678375,2.634440,152.668945,92.069649,159.703094,160.758850,97.426674,15.583115,151.518997,54.678783,150.759064,152.333435,58.889618,84.546570,153.454163,14.449581,14.248587,180.081482,162.109543,51.081406,197.428619,192.643417,80.494781,196.437759,199.174759,105.986473,199.797211,193.501480,147.731277,178.014008,157.695908
87,1.450000,112.473015,146.285889,20.466120,58.202438,150.718170,18.676998,2.635863,152.664169,92.070419,159.704544,160.757248,97.426666,15.583994,151.522003,54.678680,150.759201,152.337860,58.888844,84.547043,153.448685,14.449974,14.248189,180.078201,162.112396,51.084606,197.429321,192.646927,80.493874,196.438248,199.175034,105.987267,199.795074,193.501907,147.730133,178.013916,157.695084
88,1.466667,112.469704,146.292618,20.463095,58.201923,150.720398,18.677774,2.635271,152.669067,92.070282,159.703262,160.756348,97.426270,15.582341,151.522385,54.677895,150.758881,152.335129,58.892174,84.546921,153.455276,14.444565,14.250404,180.081146,162.110245,51.082527,197.424622,192.642212,80.496269,196.442108,199.175385,105.984055,199.795151,193.502365,147.728912,178.019485,157.696198
89,1.483333,112.471054,146.288132,20.464272,58.203831,150.715851,18.681017,2.637447,152.664108,92.067780,159.703613,160.757385,97.428040,15.582734,151.518707,54.678795,150.756958,152.338058,58.889183,84.546936,153.453705,14.447084,14.249689,180.077713,162.110214,51.081009,197.430191,192.643295,80.493034,196.439377,199.176544,105.985855,199.793884,193.502625,147.726822,178.015778,157.697906
90,1.500000,112.470703,146.286285,20.467817,58.184479,150.728638,18.669653,2.635097,152.666473,92.067673,159.702133,160.757629,97.426308,15.584098,151.524918,54.675793,150.761322,152.337708,58.889523,84.547813,153.453110,14.445745,14.251008,180.079865,162.109940,51.083435,197.429977,192.643021,80.497505,196.440353,199.178925,105.985443,199.794449,193.503326,147.730240,178.012207,157.697205
91,1.516667,112.470932,146.291428,20.463526,58.199806,150.714661,18.679674,2.636893,152.666519,92.068977,159.703033,160.756012,97.425034,15.584207,151.523331,54.676624,150.757050,152.335022,58.889572,84.531044,153.433456,14.445940,14.250307,180.080734,162.109253,51.081657,197.429825,192.644852,80.491974,196.440277,199.174423,105.984505,199.798462,193.502258,147.728287,178.014969,157.696991
92,1.533333,112.468987,146.300903,20.469084,58.203300,150.720520,18.677706,2.639008,152.661758,92.066872,159.701538,160.757111,97.428299,15.582998,151.519974,54.675377,150.758514,152.334442,58.891026,84.549904,153.450226,14.446517,14.250871,180.074692,162.113358,51.084297,197.422913,192.642532,80.495201,196.437134,199.175491,105.984116,199.795090,193.501724,147.729721,178.012573,157.695633
93,1.550000,112.471359,146.289688,20.467579,58.202995,150.718796,18.679354,2.637199,152.661331,92.067902,159.722595,160.766891,97.429390,15.584541,151.521118,54.677906,150.760056,152.334793,58.889317,84.545288,153.450272,14.448804,14.250534,180.077148,162.113602,51.082500,197.429153,192.643539,80.497681,196.443100,199.177032,105.984825,199.796570,193.500137,147.729141,178.017487,157.696991
94,1.566667,112.466652,146.311188,20.462811,58.188366,150.731033,18.664305,2.639155,152.659882,92.071205,159.704361,160.760788,97.431015,15.583051,151.522186,54.676754,150.759903,152.333664,58.888382,84.548592,153.449188,14.448144,14.251591,180.078400,162.113052,51.084812,197.428513,192.645950,80.498375,196.445068,199.179276,105.988091,199.794464,193.503906,147.729675,178.014374,157.698303
95,1.583333,112.466858,146.306702,20.463511,58.204308,150.721970,18.674040,2.636934,152.663574,92.066475,159.702271,160.758728,97.424332,15.586689,151.519287,54.674431,150.748367,152.360016,58.874920,84.546188,153.451050,14.446132,14.250182,180.079147,162.109909,51.082920,197.425995,192.642975,80.495537,196.440140,199.177505,105.985168,199.796799,193.502075,147.730011,178.016449,157.696442
96,1.600000,112.469170,146.287949,20.465969,58.201527,150.722809,18.677143,2.639542,152.663086,92.068031,159.702087,160.753845,97.422592,15.583225,151.519470,54.680538,150.760239,152.331970,58.887966,84.547112,153.450302,14.446432,14.250308,180.075836,162.111343,51.080059,197.429977,192.645096,80.496628,196.440109,199.175201,105.984650,199.793610,193.500656,147.729813,178.016373,157.697693
97,1.616667,112.466400,146.308823,20.462080,58.188515,150.727493,18.669573,2.637304,152.660141,92.069626,159.701614,160.755096,97.425468,15.582308,151.523926,54.675766,150.759369,152.334595,58.890125,84.549339,153.453537,14.445591,14.248254,180.080154,162.111496,51.082054,197.426682,192.643921,80.495926,196.443665,199.179398,105.984306,199.795547,193.502686,147.728378,178.015884,157.697876
98,1.633333,112.470871,146.286743,20.467028,58.202026,150.715469,18.681461,2.635277,152.666397,92.069855,159.703537,160.757874,97.427582,15.585118,151.522461,54.676628,150.760986,152.335510,58.887665,84.533630,153.433746,14.447390,14.251480,180.078400,162.111694,51.082672,197.429504,192.644684,80.496437,196.439514,199.177841,105.984596,199.794724,193.503113,147.733582,178.015839,157.698456
99,1.650000,112.466545,146.310226,20.461634,58.188625,150.727310,18.668682,2.638291,152.662140,92.068748,159.703064,160.758408,97.430077,15.581222,151.525772,54.678360,150.760117,152.337067,58.890667,84.547966,153.452103,14.446791,14.250661,180.076645,162.113693,51.080448,197.423920,192.644836,80.496704,196.435455,199.173950,105.985146,199.795502,193.504135,147.728561,178.013992,157.699127
100,1.666667,112.475365,146.290268,20.468861,58.201870,150.721191,18.679220,2.636441,152.663315,92.065216,159.703339,160.755173,97.423630,15.582532,151.525803,54.677807,150.760971,152.337250,58.887623,84.535263,153.434937,14.441525,14.249757,180.079224,162.111603,51.080940,197.429550,192.644638,80.497223,196.441635,199.175995,105.984230,199.793625,193.501465,147.730057,178.018524,157.698013
101,1.683333,112.470955,146.292374,20.463362,58.201202,150.716965,18.678871,2.636009,152.664383,92.068588,159.702621,160.754654,97.427155,15.583011,151.523880,54.678776,150.759613,152.335892,58.889339,84.532936,153.435669,14.444016,14.248765,180.075195,162.109009,51.081821,197.427582,192.642838,80.495361,196.441406,199.177673,105.983704,199.792984,193.503586,147.726761,178.017731,157.697510
102,1.700000,112.473961,146.287704,20.467817,58.204468,150.711975,18.680136,2.637055,152.663589,92.069603,159.703339,160.759995,97.427483,15.584006,151.523849,54.675873,150.759598,152.333237,58.889820,84.548958,153.455353,14.444083,14.248385,180.076202,162.113937,51.081467,197.427261,192.645721,80.498230,196.438492,199.176041,105.983269,199.795807,193.503662,147.727646,178.016495,157.698090
103,1.716667,112.471519,146.293915,20.465225,58.188694,150.727768,18.667454,2.636014,152.658783,92.066154,159.716385,160.767242,97.429161,15.580831,151.523117,54.675644,150.760208,152.336441,58.888988,84.547783,153.453308,14.447430,14.248910,180.079483,162.113358,51.079765,197.428543,192.643509,80.497314,196.439743,199.175354,105.984299,199.792557,193.502014,147.730087,178.016479,157.696655
104,1.733333,112.470291,146.289490,20.464554,58.187881,150.726456,18.668056,2.640416,152.659500,92.069511,159.703003,160.756775,97.432678,15.582568,151.521393,54.676212,150.757248,152.334167,58.890533,84.548080,153.451935,14.446596,14.253101,180.074509,162.111832,51.081009,197.424835,192.646744,80.498619,196.438950,199.176575,105.985512,199.792404,193.503403,147.729675,178.013306,157.700790
105,1.750000,112.473244,146.289337,20.467981,58.203594,150.717529,18.681402,2.634520,152.665894,92.066986,159.703049,160.752457,97.425514,15.584298,151.521240,54.676128,150.760971,152.338135,58.888454,84.547470,153.451599,14.447218,14.247518,180.079590,162.109283,51.081615,197.430725,192.642731,80.494041,196.437775,199.175095,105.981682,199.793579,193.502350,147.728699,178.017792,157.700180
106,1.766667,112.470078,146.294006,20.464956,58.187855,150.727081,18.670731,2.640034,152.660370,92.071243,159.719589,160.764954,97.431870,15.584115,151.517471,54.680740,150.761749,152.336304,58.885399,84.548943,153.451569,14.446096,14.251169,180.077866,162.112717,51.080338,197.429611,192.645920,80.493195,196.437469,199.178009,105.983940,199.797928,193.502304,147.729858,178.014267,157.699539
107,1.783333,112.473831,146.290329,20.466194,58.201900,150.716232,18.680294,2.636070,152.658783,92.071831,159.700714,160.756882,97.426865,15.582665,151.524612,54.678230,150.760941,152.333847,58.886936,84.533165,153.434097,14.444489,14.250504,180.075394,162.110840,51.083607,197.430756,192.642960,80.494690,196.439423,199.177170,105.984299,199.796158,193.505081,147.729446,178.015381,157.699875
108,1.800000,112.474945,146.284775,20.469591,58.203358,150.717102,18.676302,2.636676,152.664520,92.069267,159.700928,160.759964,97.424644,15.581118,151.521469,54.680927,150.758972,152.334717,58.889717,84.546097,153.455231,14.446713,14.251054,180.076096,162.111618,51.081375,197.429489,192.644592,80.496948,196.441345,199.175491,105.983398,199.796494,193.502808,147.730515,178.015823,157.698334
109,1.816667,112.472183,146.288193,20.466597,58.201347,150.718109,18.679461,2.637403,152.657959,92.072342,159.703537,160.755478,97.428383,15.580449,151.523239,54.678463,150.757339,152.333908,58.887772,84.547569,153.451859,14.446404,14.249787,180.074585,162.114136,51.081448,197.430618,192.645737,80.498543,196.439011,199.178146,105.985962,199.797073,193.502747,147.729080,178.014587,157.699707
110,1.833333,112.473160,146.288071,20.467148,58.203068,150.716812,18.678335,2.636311,152.667236,92.071022,159.701981,160.755234,97.428535,15.584082,151.519684,54.677883,150.760071,152.335236,58.891106,84.548698,153.448914,14.448886,14.250741,180.079422,162.110947,51.080643,197.428711,192.644409,80.494392,196.440079,199.173813,105.984062,199.792084,193.500488,147.729126,178.015762,157.696136
111,1.850000,112.475044,146.285110,20.470694,58.186611,150.729935,18.666351,2.638017,152.661713,92.068733,159.700668,160.753342,97.425522,15.585659,151.521561,54.675396,150.760529,152.333389,58.888199,84.547951,153.449905,14.445881,14.251019,180.079987,162.111908,51.081944,197.429459,192.644958,80.497284,196.440125,199.174698,105.986137,199.793930,193.503677,147.727295,178.012543,157.696426
112,1.866667,112.470810,146.289673,20.468040,58.202702,150.718277,18.676205,2.637925,152.666534,92.067543,159.699692,160.756699,97.427063,15.579511,151.521622,54.679642,150.758362,152.335144,58.890087,84.551208,153.450912,14.444386,14.251373,180.079178,162.112442,51.081547,197.424362,192.643677,80.495758,196.438629,199.175812,105.984406,199.789200,193.499542,147.726837,178.015549,157.698334
113,1.883333,112.468658,146.288406,20.466446,58.199146,150.717850,18.680614,2.635891,152.663727,92.069099,159.701233,160.753555,97.423866,15.581122,151.521011,54.675995,150.761642,152.333435,58.892345,84.549866,153.452499,14.443924,14.249725,180.079086,162.111603,51.080242,197.427719,192.642181,80.495430,196.441315,199.173920,105.984047,199.795914,193.500259,147.728760,178.012329,157.695068
114,1.900000,112.473877,146.292419,20.464451,58.200325,150.720367,18.675957,2.640231,152.657501,92.070061,159.703339,160.756317,97.430847,15.580827,151.521713,54.679226,150.759659,152.332733,58.889408,84.548866,153.447754,14.449122,14.250977,180.071548,162.112091,51.080956,197.428497,192.644226,80.496284,196.439301,199.176056,105.985352,199.792450,193.502258,147.731964,178.018112,157.697632
115,1.916667,112.469513,146.288666,20.463408,58.203396,150.717590,18.677099,2.635350,152.667252,92.065453,159.705399,160.759384,97.425117,15.582112,151.523880,54.674911,150.761063,152.334503,58.887783,84.547310,153.451157,14.446674,14.248818,180.085052,162.109741,51.081589,197.427139,192.643799,80.494843,196.440445,199.172516,105.986542,199.799286,193.500534,147.728180,178.018097,157.695862
116,1.933333,112.470116,146.291962,20.463810,58.186237,150.725845,18.670103,2.635836,152.660583,92.069016,159.704330,160.757904,97.428223,15.580724,151.523590,54.678001,150.760590,152.333206,58.890747,84.545670,153.450958,14.445842,14.251287,180.077637,162.113098,51.082932,197.428055,192.643753,80.496979,196.439026,199.176895,105.985619,199.795395,193.502869,147.732559,178.016434,157.697952
117,1.950000,112.471413,146.296234,20.461126,58.199493,150.721680,18.675024,2.636698,152.665375,92.065872,159.704742,160.757919,97.424545,15.580078,151.521881,54.674686,150.760559,152.333298,58.888481,84.546967,153.454041,14.446014,14.250254,180.079544,162.109283,51.082001,197.428406,192.643173,80.496849,196.439087,199.173981,105.987617,199.795868,193.501160,147.729492,178.016159,157.694168
118,1.966667,112.470520,146.294754,20.458429,58.199657,150.719162,18.676685,2.638001,152.659485,92.065010,159.705368,160.757431,97.425156,15.577299,151.526047,54.675632,150.758881,152.334290,58.887634,84.545815,153.449768,14.443694,14.250278,180.079147,162.111618,51.081478,197.429276,192.644577,80.497627,196.442490,199.175034,105.984886,199.791443,193.499191,147.730026,178.018524,157.694626
119,1.983333,112.470940,146.293503,20.460039,58.199333,150.723557,18.673504,2.637464,152.659225,92.067635,159.705795,160.763229,97.428185,15.583466,151.519897,54.678616,150.761139,152.331451,58.890152,84.545052,153.450439,14.446975,14.250418,180.076584,162.111420,51.083447,197.429474,192.643341,80.494812,196.440781,199.174240,105.986069,199.795807,193.498154,147.732315,178.016571,157.695496
120,2.000000,112.470512,146.285370,20.468250,58.201839,150.718872,18.678734,2.636016,152.666656,92.068275,159.704193,160.759750,97.422775,15.579744,151.523438,54.676987,150.760284,152.333359,58.892742,84.547882,153.455444,14.443624,14.248780,180.080261,162.106613,51.080132,197.430283,192.644028,80.496567,196.442245,199.174393,105.983749,199.798203,193.500229,147.729996,178.018097,157.695236
121,2.016667,112.468643,146.294952,20.460188,58.202675,150.721649,18.678696,2.637766,152.662766,92.069923,159.704315,160.757706,97.426064,15.581498,151.521393,54.675694,150.757095,152.337677,58.887028,84.545433,153.452881,14.446507,14.249202,180.078232,162.112900,51.083267,197.427200,192.645508,80.497902,196.442520,199.177521,105.986443,199.793900,193.501007,147.731003,178.016190,157.695786
122,2.033333,112.470474,146.298492,20.460308,58.186043,150.728333,18.666107,2.635767,152.664322,92.068321,159.717590,160.766418,97.425613,15.583680,151.522797,54.680019,150.759109,152.338470,58.886745,84.546440,153.457230,14.441731,14.247766,180.078094,162.110962,51.080807,197.429672,192.642899,80.494736,196.444229,199.175583,105.985703,199.798309,193.504272,147.728500,178.014496,157.694992
123,2.050000,112.467545,146.294098,20.459534,58.197193,150.722595,18.675674,2.635397,152.663376,92.068558,159.703400,160.757507,97.426361,15.584057,151.522278,54.675686,150.756256,152.335464,58.887573,84.544975,153.454285,14.447948,14.251305,180.075867,162.111465,51.081833,197.430298,192.644943,80.498558,196.444824,199.175842,105.986717,199.795395,193.501831,147.730347,178.018051,157.692734
124,2.066667,112.467995,146.298340,20.458906,58.195374,150.720993,18.678560,2.638746,152.658859,92.068489,159.704971,160.764343,97.427063,15.583888,151.520477,54.676044,150.757813,152.334137,58.885296,84.545052,153.450180,14.448229,14.249447,180.075302,162.113190,51.081947,197.430191,192.644745,80.498207,196.443451,199.178757,105.984871,199.796600,193.504654,147.728531,178.016235,157.694107
125,2.083333,112.465347,146.314758,20.457685,58.202717,150.718750,18.681526,2.634326,152.669434,92.066887,159.701645,160.757477,97.420792,15.582222,151.524323,54.680748,150.746979,152.361191,58.872520,84.546104,153.454956,14.445634,14.248081,180.080322,162.111588,51.079582,197.427795,192.641953,80.497246,196.441849,199.173309,105.985443,199.795715,193.501648,147.728760,178.015549,157.692596
126,2.100000,112.470055,146.300507,20.462141,58.201916,150.719528,18.677210,2.638421,152.661682,92.070908,159.716949,160.764069,97.426353,15.585159,151.519241,54.681366,150.757370,152.339722,58.886181,84.549004,153.453262,14.447426,14.251081,180.077789,162.112061,51.080830,197.425339,192.643829,80.498459,196.442017,199.175507,105.982780,199.794403,193.501495,147.728668,178.015961,157.697037
127,2.116667,112.469986,146.297226,20.459831,58.199635,150.718719,18.679167,2.634214,152.667740,92.068680,159.701996,160.758362,97.422531,15.582529,151.519989,54.676788,150.757523,152.334686,58.883926,84.527802,153.432831,14.445477,14.245915,180.080338,162.110275,51.080585,197.431152,192.640350,80.493279,196.445374,199.176086,105.984375,199.796356,193.500046,147.726105,178.016846,157.691330
128,2.133333,112.466110,146.309418,20.457491,58.186897,150.726959,18.669359,2.637096,152.659622,92.068169,159.701508,160.760452,97.423981,15.583062,151.517441,54.678146,150.756897,152.335449,58.884396,84.550491,153.450531,14.444447,14.251105,180.078644,162.111755,51.082531,197.428421,192.644363,80.497353,196.440186,199.173401,105.985306,199.794067,193.498520,147.728012,178.015900,157.695190
129,2.150000,112.470436,146.292999,20.465210,58.202641,150.716690,18.680780,2.637580,152.661652,92.069717,159.702164,160.762665,97.426895,15.584952,151.520691,54.679531,150.757431,152.337036,58.889885,84.546295,153.456009,14.445564,14.249484,180.077103,162.110962,51.080288,197.427643,192.643097,80.495300,196.442612,199.176712,105.985939,199.794098,193.501373,147.726578,178.020050,157.695953
130,2.166667,112.471672,146.295670,20.463020,58.202293,150.718536,18.680220,2.635799,152.666061,92.068581,159.704025,160.759872,97.423302,15.583272,151.519104,54.678223,150.759323,152.333893,58.887863,84.548965,153.450974,14.448734,14.246631,180.081375,162.109528,51.081406,197.432022,192.639969,80.495705,196.441666,199.175400,105.985229,199.798508,193.499985,147.726532,178.020309,157.694901
131,2.183333,112.468330,146.315201,20.455122,58.200497,150.717590,18.682070,2.638499,152.655182,92.072601,159.714600,160.769043,97.429565,15.582326,151.518570,54.677837,150.759155,152.339020,58.890667,84.544876,153.454529,14.447233,14.250857,180.075668,162.112900,51.083626,197.424683,192.644562,80.496170,196.442108,199.175308,105.983871,199.795654,193.503723,147.727631,178.018448,157.697250
132,2.200000,112.466774,146.307495,20.459309,58.189224,150.722900,18.670725,2.637151,152.662338,92.068619,159.700043,160.759399,97.418678,15.583489,151.519012,54.678326,150.755875,152.338715,58.885345,84.547615,153.449066,14.449140,14.248413,180.080887,162.112122,51.080864,197.427734,192.644638,80.495445,196.442078,199.173264,105.982155,199.799332,193.500793,147.725403,178.018311,157.694336
133,2.216667,112.468269,146.311142,20.457088,58.202339,150.712860,18.682371,2.636875,152.657822,92.069260,159.701248,160.757904,97.425362,15.583103,151.516342,54.678310,150.758835,152.338806,58.886253,84.531830,153.430374,14.447267,14.251045,180.075012,162.112244,51.082348,197.427567,192.644302,80.493179,196.444031,199.177475,105.984520,199.794220,193.502319,147.728531,178.017456,157.696899
134,2.233333,112.473900,146.295837,20.459444,58.189339,150.720703,18.671606,2.638484,152.658508,92.067101,159.699982,160.755829,97.421753,15.583812,151.517670,54.677910,150.758926,152.340393,58.888138,84.548286,153.453033,14.446830,14.249650,180.078735,162.110077,51.079769,197.428482,192.643173,80.493561,196.440414,199.174881,105.980682,199.793945,193.502136,147.727768,178.019073,157.696732
135,2.250000,112.470543,146.308517,20.461023,58.188526,150.725311,18.669088,2.634064,152.662918,92.066422,159.698868,160.758331,97.421394,15.583812,151.521454,54.676628,150.756973,152.337662,58.887238,84.530792,153.433838,14.445364,14.249369,180.077988,162.110168,51.081329,197.430908,192.644669,80.493439,196.439041,199.174576,105.982491,199.795502,193.500015,147.729034,178.017151,157.694504
136,2.266667,112.469803,146.314392,20.460934,58.204754,150.717178,18.682476,2.637038,152.662979,92.070412,159.701355,160.758896,97.423943,15.585047,151.517639,54.680710,150.759140,152.337387,58.884796,84.548126,153.449539,14.446718,14.250630,180.071838,162.114609,51.081459,197.431992,192.644852,80.497131,196.441162,199.176620,105.981895,199.795486,193.502182,147.727783,178.016632,157.696991
137,2.283333,112.473099,146.296356,20.460323,58.200829,150.712769,18.680597,2.636426,152.662369,92.068283,159.703079,160.761414,97.424355,15.582674,151.522537,54.676659,150.762863,152.342041,58.885048,84.547890,153.447617,14.447753,14.248273,180.079987,162.110916,51.082912,197.432373,192.641968,80.496117,196.441788,199.175308,105.985420,199.800934,193.501312,147.729950,178.018585,157.693741
138,2.300000,112.474037,146.291000,20.461903,58.202038,150.716080,18.679930,2.638807,152.658035,92.070824,159.702042,160.760254,97.424232,15.582949,151.520096,54.677147,150.760101,152.334747,58.885529,84.546112,153.453613,14.445694,14.250768,180.074249,162.112305,51.082890,197.426331,192.643677,80.496071,196.438141,199.178284,105.985146,199.796600,193.504913,147.727814,178.015457,157.694992
139,2.316667,112.471893,146.291748,20.461082,58.202152,150.713516,18.679428,2.637859,152.665222,92.068359,159.701920,160.761383,97.425720,15.582165,151.521332,54.677475,150.760544,152.334839,58.887173,84.546333,153.451828,14.449910,14.250104,180.079132,162.110809,51.081291,197.427597,192.643707,80.497452,196.440262,199.174118,105.984131,199.797089,193.503967,147.729080,178.017059,157.692932
140,2.333333,112.473343,146.291595,20.464867,58.203651,150.717682,18.675117,2.639052,152.663223,92.068512,159.702835,160.754959,97.421600,15.587166,151.513138,54.680328,150.761765,152.336365,58.886971,84.548485,153.450409,14.445673,14.250345,180.080841,162.110382,51.080254,197.424942,192.643097,80.496048,196.440659,199.176453,105.981430,199.794769,193.501266,147.731079,178.020599,157.696732
141,2.350000,112.470200,146.288773,20.467400,58.189705,150.723923,18.670841,2.637567,152.658691,92.069237,159.702347,160.755981,97.425743,15.585284,151.515701,54.678280,150.759399,152.334824,58.884800,84.549896,153.448837,14.447421,14.249366,180.076385,162.111572,51.081188,197.425781,192.643982,80.494888,196.442902,199.178284,105.985580,199.796661,193.503601,147.730148,178.014954,157.694748
142,2.366667,112.471268,146.291580,20.462482,58.201653,150.713211,18.680536,2.635355,152.662994,92.068497,159.703659,160.763016,97.423157,15.582184,151.517929,54.680786,150.757309,152.336441,58.886238,84.550354,153.449371,14.444688,14.249050,180.077515,162.111298,51.081509,197.429184,192.641174,80.495590,196.442703,199.174377,105.982048,199.798584,193.502640,147.728287,178.015976,157.695740
143,2.383333,112.475281,146.289749,20.464897,58.203709,150.713379,18.679249,2.638046,152.664307,92.066811,159.704147,160.760132,97.424675,15.580850,151.517471,54.677814,150.759232,152.338409,58.885654,84.548203,153.448242,14.449404,14.249145,180.076202,162.111343,51.081680,197.428711,192.645599,80.497261,196.436401,199.173172,105.982857,199.792969,193.500412,147.731461,178.018707,157.696518
144,2.400000,112.472198,146.310043,20.462231,58.204674,150.717010,18.677910,2.635045,152.666290,92.067558,159.700714,160.759094,97.425140,15.584404,151.514297,54.681393,150.759964,152.338867,58.888115,84.546936,153.448944,14.450079,14.249623,180.079544,162.110245,51.079487,197.429123,192.643692,80.493813,196.439194,199.175064,105.980919,199.800278,193.502426,147.730988,178.015411,157.691986
145,2.416667,112.470146,146.294144,20.462021,58.184376,150.725983,18.670351,2.633301,152.665619,92.069046,159.705261,160.760834,97.424515,15.581300,151.521378,54.677803,150.759583,152.338089,58.885139,84.549187,153.448608,14.445847,14.247845,180.080856,162.109970,51.081699,197.428513,192.642670,80.493477,196.442474,199.177887,105.983360,199.796494,193.501373,147.726974,178.017288,157.693649
146,2.433333,112.469444,146.306900,20.461603,58.203617,150.719742,18.677071,2.634988,152.660538,92.069748,159.704773,160.761169,97.425713,15.586829,151.514969,54.680618,150.759048,152.340134,58.886906,84.547226,153.449326,14.446380,14.249411,180.076340,162.111282,51.080963,197.429520,192.643219,80.495453,196.440216,199.173721,105.983162,199.795929,193.503510,147.729980,178.014160,157.695129
147,2.450000,112.468582,146.307053,20.464003,58.203819,150.720047,18.675541,2.635752,152.664948,92.068092,159.702652,160.756088,97.423920,15.583315,151.519348,54.679165,150.760040,152.338318,58.885338,84.547020,153.451736,14.447008,14.248669,180.077972,162.112106,51.081100,197.429840,192.643860,80.496941,196.441971,199.174484,105.982735,199.794983,193.501480,147.731384,178.021164,157.695877
148,2.466667,112.469643,146.303650,20.461813,58.186401,150.726822,18.667547,2.637522,152.665024,92.070793,159.702728,160.757324,97.424210,15.582621,151.519150,54.675446,150.760742,152.334137,58.886208,84.547966,153.452164,14.444835,14.250348,180.078461,162.111069,51.081131,197.428207,192.643005,80.495590,196.441498,199.174652,105.984573,199.798584,193.503632,147.728928,178.017685,157.696304
149,2.483333,112.469330,146.294418,20.460649,58.188850,150.725876,18.666033,2.635900,152.665787,92.067009,159.701126,160.759354,97.424065,15.584073,151.516464,54.678734,150.762238,152.334290,58.886227,84.548347,153.449692,14.445754,14.247608,180.084076,162.109756,51.079456,197.428162,192.642838,80.495644,196.443985,199.173813,105.982613,199.797012,193.499329,147.728073,178.012817,157.696075
150,2.500000,112.469566,146.297745,20.459682,58.204487,150.712296,18.680992,2.636481,152.661041,92.068954,159.703751,160.756836,97.421478,15.585899,151.517166,54.679806,150.759079,152.340485,58.884502,84.546227,153.450317,14.450451,14.250316,180.076477,162.111084,51.084721,197.432861,192.643814,80.497467,196.439865,199.177673,105.986061,199.797653,193.502762,147.728943,178.013290,157.696075
151,2.516667,112.469711,146.307312,20.456791,58.189079,150.720947,18.671221,2.637624,152.660110,92.067703,159.702179,160.758209,97.425606,15.579641,151.516052,54.678383,150.759338,152.337494,58.885456,84.547592,153.451141,14.447775,14.249174,180.079330,162.109756,51.080307,197.429474,192.644241,80.492889,196.449142,199.178513,105.984482,199.798264,193.505081,147.728653,178.015182,157.693359
152,2.533333,112.470390,146.295914,20.458624,58.186958,150.724991,18.672655,2.636455,152.662720,92.068481,159.700623,160.758255,97.421364,15.583137,151.518173,54.677853,150.758881,152.336548,58.885445,84.548607,153.451599,14.448068,14.248363,180.077805,162.109680,51.082516,197.427597,192.644379,80.493385,196.441498,199.176941,105.986420,199.797989,193.502869,147.730087,178.019623,157.694580
153,2.550000,112.472336,146.293320,20.463079,58.204254,150.717010,18.680696,2.636900,152.656998,92.068466,159.702148,160.756470,97.423126,15.583847,151.517929,54.679176,150.758667,152.334885,58.886127,84.547714,153.450287,14.447150,14.248962,180.075943,162.112778,51.082088,197.427658,192.646225,80.494316,196.438354,199.175644,105.984848,199.791153,193.498550,147.728500,178.016754,157.697189
154,2.566667,112.469337,146.298294,20.456404,58.201557,150.720474,18.679356,2.634719,152.662521,92.067482,159.700638,160.755173,97.424316,15.583294,151.516205,54.680012,150.760864,152.338211,58.885193,84.547333,153.449371,14.447019,14.247204,180.082062,162.111710,51.079681,197.426346,192.643967,80.495018,196.443512,199.175735,105.981316,199.796631,193.502823,147.729385,178.017639,157.694946
155,2.583333,112.470993,146.297409,20.458981,58.203106,150.719315,18.679333,2.635783,152.659821,92.071007,159.703949,160.761612,97.425095,15.583064,151.523163,54.676868,150.746902,152.358063,58.873684,84.548859,153.454132,14.446148,14.247963,180.073380,162.114090,51.081287,197.431335,192.643494,80.496483,196.441376,199.177216,105.983734,199.796738,193.503510,147.728790,178.016891,157.696030
156,2.600000,112.470932,146.298447,20.457819,58.197437,150.720001,18.677813,2.638000,152.658112,92.070053,159.701599,160.761673,97.426758,15.584918,151.518188,54.680077,150.760361,152.335922,58.888241,84.546539,153.452423,14.447686,14.250087,180.078796,162.113373,51.081367,197.426163,192.645081,80.493408,196.441010,199.174622,105.984283,199.796631,193.502640,147.728348,178.016418,157.695053
157,2.616667,112.466652,146.314896,20.455584,58.201984,150.718369,18.680664,2.634478,152.666656,92.068840,159.700531,160.759384,97.422813,15.582932,151.521744,54.676449,150.758759,152.336319,58.890892,84.548393,153.448746,14.446688,14.247545,180.077103,162.111084,51.078003,197.429382,192.643509,80.494820,196.441864,199.175491,105.983528,199.792618,193.500473,147.726532,178.014786,157.694519
158,2.633333,112.468506,146.310013,20.456388,58.199722,150.721527,18.677015,2.634202,152.662933,92.070625,159.704315,160.761459,97.422707,15.583046,151.518890,54.677509,150.761230,152.341904,58.885933,84.548233,153.449966,14.445476,14.249578,180.078613,162.109619,51.082703,197.428513,192.643204,80.495125,196.439545,199.175385,105.984322,199.794617,193.502090,147.728745,178.019119,157.696457
159,2.650000,112.470673,146.297302,20.459578,58.189487,150.720688,18.671179,2.635236,152.662903,92.069237,159.701263,160.758347,97.423790,15.581389,151.518661,54.678024,150.760651,152.338196,58.888226,84.549263,153.450256,14.442967,14.246869,180.081726,162.108429,51.080593,197.429367,192.644608,80.494911,196.441345,199.173889,105.982491,199.796890,193.500107,147.727295,178.017792,157.694580
160,2.666667,112.469147,146.286804,20.466120,58.200615,150.715637,18.679535,2.635773,152.663834,92.068954,159.705658,160.757111,97.423820,15.583454,151.517212,54.678875,150.760513,152.334457,58.882484,84.549042,153.453720,14.447332,14.251217,180.075684,162.112457,51.081268,197.428696,192.642609,80.494858,196.442062,199.175537,105.983276,199.795090,193.503937,147.730927,178.018738,157.695496
161,2.683333,112.466698,146.308945,20.461857,58.202755,150.720230,18.677011,2.635949,152.661362,92.071014,159.702072,160.759079,97.424973,15.583318,151.523911,54.680561,150.746857,152.356781,58.874180,84.546249,153.453934,14.444318,14.247074,180.078827,162.110397,51.080616,197.427811,192.643967,80.493134,196.437592,199.174469,105.982819,199.794724,193.501068,147.730255,178.020111,157.697678
162,2.700000,112.473030,146.287323,20.466015,58.203621,150.714279,18.679546,2.635132,152.662903,92.067635,159.703247,160.760773,97.422493,15.581476,151.520996,54.678497,150.759674,152.336548,58.882744,84.548431,153.449249,14.446559,14.249622,180.081863,162.108826,51.082191,197.432709,192.642441,80.494957,196.438751,199.175858,105.985123,199.797501,193.502121,147.731033,178.017365,157.696701
163,2.716667,112.470421,146.292023,20.465300,58.202202,150.716263,18.680288,2.635744,152.663376,92.069160,159.703751,160.761276,97.425491,15.582623,151.520187,54.680435,150.758545,152.335297,58.886112,84.546898,153.451080,14.447313,14.250913,180.075043,162.113174,51.081738,197.428619,192.642517,80.497147,196.444000,199.176941,105.984993,199.797089,193.504578,147.728897,178.017410,157.695480
164,2.733333,112.472046,146.290634,20.466402,58.201645,150.712952,18.678164,2.634614,152.662781,92.067299,159.704407,160.761154,97.425766,15.583936,151.513748,54.679287,150.758560,152.340271,58.882641,84.529465,153.433777,14.442912,14.248743,180.076599,162.109390,51.081238,197.431931,192.640793,80.494820,196.441574,199.176422,105.982895,199.794632,193.503159,147.729095,178.020676,157.697662
165,2.750000,112.470833,146.292160,20.465672,58.200260,150.715973,18.680904,2.636828,152.659241,92.065369,159.701859,160.759720,97.425316,15.581663,151.522400,54.675549,150.759872,152.334061,58.885178,84.529877,153.434982,14.441988,14.248686,180.075638,162.109375,51.083076,197.428146,192.644470,80.497498,196.438934,199.177460,105.985291,199.796997,193.502106,147.728287,178.018311,157.697342
166,2.766667,112.469086,146.310913,20.458296,58.203068,150.717117,18.675682,2.636747,152.661972,92.069946,159.701309,160.756393,97.427528,15.583138,151.520340,54.675926,150.759659,152.339096,58.886242,84.551025,153.449722,14.448580,14.249074,180.078247,162.112274,51.081722,197.431915,192.646347,80.497406,196.441132,199.178772,105.983810,199.796371,193.501892,147.725861,178.016235,157.695282
167,2.783333,112.468498,146.299484,20.457775,58.203922,150.710846,18.682444,2.633540,152.662369,92.069077,159.702805,160.759125,97.424484,15.580290,151.523056,54.675949,150.759781,152.337479,58.884907,84.546387,153.444885,14.447618,14.248789,180.077911,162.110764,51.080490,197.426910,192.641968,80.493378,196.439743,199.175888,105.985634,199.796738,193.500290,147.728699,178.016846,157.693909
168,2.800000,112.470726,146.294983,20.462349,58.202053,150.717316,18.679770,2.637045,152.658524,92.070190,159.702393,160.757843,97.424873,15.585206,151.521606,54.675537,150.757050,152.338867,58.884354,84.547256,153.453033,14.445036,14.249503,180.077866,162.110352,51.082775,197.430466,192.642670,80.495438,196.441422,199.182007,105.985733,199.793884,193.501358,147.728928,178.017654,157.696793
169,2.816667,112.474464,146.296356,20.460829,58.187050,150.722824,18.671618,2.636196,152.666168,92.070290,159.699539,160.759811,97.425560,15.583608,151.518600,54.676941,150.760269,152.338333,58.887863,84.549896,153.450790,14.444901,14.246716,180.079224,162.113571,51.081272,197.427841,192.642838,80.494217,196.439316,199.174255,105.981544,199.795502,193.500534,147.728745,178.018555,157.692245
170,2.833333,112.473846,146.294052,20.462856,58.201866,150.716660,18.677896,2.636560,152.664276,92.068031,159.703461,160.758972,97.425240,15.585268,151.522202,54.678253,150.760696,152.339355,58.882702,84.549171,153.450058,14.446050,14.251101,180.076630,162.111786,51.082294,197.430481,192.643723,80.495285,196.444473,199.175369,105.983505,199.795731,193.502914,147.727448,178.015778,157.694809
171,2.850000,112.469559,146.312988,20.459801,58.202354,150.722336,18.677118,2.636694,152.662567,92.070053,159.704391,160.765091,97.424026,15.585860,151.516617,54.680199,150.759369,152.338394,58.884060,84.549149,153.451828,14.446113,14.250228,180.078201,162.112244,51.082073,197.423553,192.643738,80.497246,196.444168,199.176392,105.984047,199.796082,193.500946,147.727463,178.015549,157.695282
172,2.866667,112.472435,146.310944,20.457850,58.190399,150.722214,18.670687,2.637204,152.665344,92.065857,159.702621,160.760834,97.423462,15.583257,151.518219,54.678253,150.749176,152.358170,58.874496,84.533905,153.426971,14.443734,14.248074,180.079132,162.110687,51.083832,197.426514,192.641022,80.495758,196.440582,199.177582,105.986366,199.799561,193.501846,147.727921,178.019608,157.696106
173,2.883333,112.470131,146.295853,20.459711,58.203106,150.718475,18.676853,2.635913,152.661423,92.069778,159.703705,160.759537,97.427811,15.583849,151.514206,54.679733,150.760605,152.341660,58.884949,84.547470,153.449661,14.445283,14.250497,180.076172,162.112244,51.084328,197.425247,192.645279,80.496918,196.441910,199.177780,105.982407,199.796478,193.503433,147.727798,178.016251,157.696365
174,2.900000,112.474915,146.301819,20.460398,58.202564,150.718430,18.677454,2.636197,152.663300,92.068100,159.701981,160.756912,97.425056,15.585384,151.522324,54.676468,150.759491,152.335129,58.885506,84.550247,153.457138,14.443653,14.251220,180.076859,162.110977,51.081100,197.424942,192.644806,80.495903,196.443481,199.175827,105.981133,199.796600,193.501602,147.728012,178.017990,157.696884
175,2.916667,112.471848,146.296097,20.459578,58.188786,150.724426,18.670351,2.635241,152.659103,92.069366,159.700760,160.758194,97.425179,15.583386,151.516205,54.676594,150.761368,152.337997,58.883743,84.546165,153.449356,14.446559,14.249762,180.077499,162.109558,51.081085,197.426697,192.643738,80.493393,196.438095,199.177734,105.980995,199.795456,193.500931,147.728989,178.018890,157.695068
176,2.933333,112.474663,146.293152,20.462215,58.202171,150.718384,18.676401,2.637142,152.660248,92.070251,159.701294,160.757858,97.427086,15.584291,151.521042,54.678444,150.760590,152.338531,58.885612,84.549149,153.449875,14.444742,14.249504,180.076706,162.111649,51.079109,197.429092,192.644180,80.495628,196.440369,199.175903,105.982803,199.796738,193.501602,147.728577,178.015717,157.696884
177,2.950000,112.474678,146.294113,20.462603,58.191223,150.720505,18.668114,2.634779,152.663544,92.067116,159.697433,160.757675,97.424126,15.584287,151.517227,54.676697,150.759216,152.337341,58.885727,84.548477,153.448685,14.446603,14.246430,180.084915,162.112732,51.080505,197.428268,192.643906,80.493942,196.444199,199.175491,105.982918,199.795517,193.502625,147.728470,178.015549,157.694214
178,2.966667,112.471893,146.291428,20.463482,58.205357,150.718002,18.678581,2.636439,152.661743,92.068825,159.701691,160.759109,97.427200,15.585377,151.514969,54.680477,150.760635,152.341766,58.886757,84.549706,153.449326,14.443418,14.252698,180.073853,162.113220,51.081631,197.428101,192.644379,80.497444,196.442078,199.177811,105.984352,199.796036,193.502930,147.728149,178.017319,157.696320
179,2.983333,112.476814,146.294296,20.462736,58.204205,150.716064,18.675924,2.634532,152.662170,92.069374,159.703918,160.758652,97.422211,15.585177,151.523865,54.675648,150.761185,152.337692,58.884403,84.535751,153.434769,14.444712,14.247196,180.076904,162.108566,51.081635,197.428986,192.640915,80.492912,196.439911,199.174576,105.982773,199.795090,193.502167,147.726547,178.018356,157.696167
180,3.000000,112.472580,146.294357,20.458624,58.202652,150.719727,18.678066,2.633466,152.666046,92.068115,159.702347,160.758163,97.423141,15.585066,151.518311,54.677544,150.763000,152.338318,58.885021,84.550446,153.451080,14.445255,14.250882,180.078384,162.111282,51.079494,197.430130,192.643326,80.494530,196.442963,199.175873,105.981682,199.793732,193.501404,147.727661,178.016022,157.694397
181,3.016667,112.474129,146.293304,20.463467,58.204361,150.713837,18.678684,2.634637,152.662842,92.067474,159.699432,160.754654,97.425026,15.589025,151.516235,54.677521,150.762070,152.338257,58.884724,84.551468,153.446533,14.445553,14.247945,180.078033,162.110855,51.081711,197.425766,192.641083,80.495972,196.444397,199.175247,105.981377,199.794357,193.499710,147.728531,178.015442,157.696732
182,3.033333,112.472237,146.291550,20.461992,58.201313,150.719742,18.678068,2.635582,152.664749,92.066833,159.700348,160.756393,97.422920,15.584740,151.518967,54.678162,150.760132,152.338638,58.883633,84.549995,153.445923,14.446745,14.246451,180.080414,162.112213,51.078655,197.430069,192.640320,80.495102,196.443604,199.175217,105.982895,199.798431,193.500793,147.727570,178.017838,157.696823
183,3.050000,112.475876,146.297226,20.460129,58.204693,150.718353,18.676422,2.636433,152.660187,92.071846,159.701080,160.757874,97.426544,15.587045,151.516006,54.679012,150.763443,152.339615,58.884251,84.548752,153.450974,14.444470,14.249179,180.075272,162.111694,51.082058,197.425842,192.643539,80.493423,196.441345,199.176285,105.985588,199.794937,193.503006,147.729172,178.014847,157.697632
184,3.066667,112.472443,146.294830,20.458817,58.202396,150.719574,18.677538,2.631969,152.663422,92.068184,159.701248,160.755829,97.421097,15.584991,151.515640,54.677803,150.759125,152.340393,58.882999,84.549980,153.451920,14.444797,14.246907,180.079300,162.108627,51.080395,197.427856,192.644363,80.493889,196.440384,199.176804,105.983307,199.791718,193.499756,147.728378,178.016235,157.696274
185,3.083333,112.475784,146.287872,20.464584,58.191380,150.725189,18.668694,2.637079,152.666611,92.066513,159.701233,160.755829,97.425453,15.584010,151.520050,54.679543,150.762543,152.341553,58.887222,84.549545,153.451416,14.446440,14.250695,180.077454,162.111420,51.081505,197.430176,192.641678,80.493668,196.442154,199.174973,105.980354,199.793854,193.498688,147.728439,178.018417,157.693756
186,3.100000,112.476089,146.293762,20.460188,58.207993,150.713318,18.675056,2.634332,152.661499,92.068016,159.700821,160.757904,97.425705,15.581584,151.520386,54.679638,150.760803,152.342346,58.887051,84.548485,153.445374,14.449585,14.246462,180.082214,162.110687,51.083439,197.430466,192.641647,80.494331,196.441971,199.178299,105.982666,199.797089,193.503036,147.726212,178.017975,157.696091
187,3.116667,112.472893,146.312012,20.452381,58.202927,150.714111,18.676846,2.633342,152.666595,92.069214,159.702194,160.757721,97.421799,15.585443,151.516174,54.680172,150.762009,152.339767,58.885498,84.551689,153.450684,14.447267,14.249613,180.080276,162.108536,51.081463,197.430527,192.641846,80.496887,196.443359,199.177185,105.980484,199.795792,193.499832,147.728851,178.016495,157.694122
188,3.133333,112.470428,146.311829,20.457939,58.204147,150.717560,18.677265,2.634673,152.658844,92.069191,159.701294,160.758789,97.425934,15.583930,151.517029,54.678562,150.760223,152.340668,58.882946,84.550331,153.449463,14.446246,14.248786,180.075928,162.110336,51.081387,197.428574,192.643677,80.494446,196.441177,199.176941,105.983589,199.798080,193.504517,147.729889,178.016983,157.695831
189,3.150000,112.475449,146.295013,20.462095,58.193466,150.724869,18.667324,2.632791,152.666779,92.065216,159.699463,160.756302,97.420647,15.586762,151.518173,54.680817,150.762360,152.338669,58.885265,84.551331,153.448303,14.445361,14.248467,180.083527,162.108017,51.079350,197.428558,192.641205,80.494576,196.439880,199.173065,105.981194,199.793915,193.497589,147.727036,178.018539,157.696030
190,3.166667,112.474052,146.291962,20.462677,58.203651,150.714859,18.679855,2.634570,152.665070,92.066269,159.701965,160.762207,97.425186,15.583863,151.517929,54.678890,150.762985,152.342987,58.881428,84.548798,153.450150,14.446367,14.248199,180.081345,162.106964,51.080036,197.431961,192.642456,80.495163,196.441574,199.174561,105.983788,199.798706,193.502701,147.727127,178.018250,157.693741
191,3.183333,112.475021,146.290482,20.463631,58.204269,150.710510,18.678656,2.634696,152.665482,92.068291,159.700165,160.755020,97.420105,15.586342,151.521088,54.678596,150.761963,152.337204,58.885517,84.551743,153.452347,14.445570,14.246117,180.080887,162.109848,51.081272,197.430725,192.641693,80.494781,196.443390,199.177063,105.979256,199.798080,193.501953,147.727753,178.017380,157.694336
192,3.200000,112.474281,146.297699,20.460114,58.205357,150.719681,18.677172,2.635771,152.660904,92.064980,159.701370,160.761047,97.420166,15.582667,151.517029,54.681496,150.748444,152.362747,58.872635,84.548363,153.450180,14.446530,14.247968,180.082214,162.109695,51.079334,197.429901,192.640869,80.493279,196.440140,199.174622,105.981117,199.799469,193.500870,147.725266,178.017197,157.694183
193,3.216667,112.474419,146.297073,20.459742,58.191048,150.724579,18.668049,2.635182,152.662720,92.071342,159.702377,160.760651,97.423477,15.584079,151.518829,54.680176,150.761597,152.341125,58.884445,84.549271,153.449234,14.446319,14.250464,180.076279,162.112579,51.079987,197.428085,192.641769,80.496460,196.439713,199.175476,105.984131,199.796005,193.502136,147.729065,178.017715,157.694061
194,3.233333,112.468628,146.313889,20.455330,58.188580,150.726639,18.669128,2.632871,152.664764,92.067139,159.699753,160.761017,97.418724,15.582412,151.518951,54.677311,150.760864,152.338760,58.889381,84.549179,153.449753,14.446959,14.247407,180.082642,162.107559,51.078506,197.434250,192.642700,80.492844,196.442001,199.174088,105.981537,199.798508,193.502029,147.726578,178.018280,157.692291
195,3.250000,112.474365,146.293732,20.463348,58.204414,150.720642,18.676867,2.636362,152.658417,92.068512,159.701599,160.761383,97.426392,15.584262,151.518127,54.682537,150.760620,152.337662,58.884846,84.534630,153.433334,14.444744,14.250885,180.078751,162.110001,51.083443,197.431137,192.644485,80.496086,196.441818,199.175629,105.981522,199.794586,193.501358,147.731888,178.022705,157.696365
196,3.266667,112.474403,146.284027,20.467640,58.206028,150.719482,18.679691,2.634260,152.659805,92.066620,159.703979,160.759842,97.422356,15.585974,151.515656,54.680901,150.763214,152.338348,58.883587,84.550003,153.452530,14.447425,14.248964,180.076004,162.110794,51.080803,197.431854,192.643082,80.493568,196.441467,199.175964,105.983078,199.797638,193.501343,147.729553,178.015762,157.693817
197,3.283333,112.473892,146.294281,20.462856,58.204273,150.717102,18.679226,2.635699,152.660217,92.070427,159.700653,160.758347,97.424477,15.585296,151.518707,54.678780,150.759857,152.337372,58.884640,84.550835,153.452087,14.445581,14.248059,180.074631,162.110992,51.081017,197.427979,192.643356,80.497780,196.442230,199.174225,105.983582,199.797150,193.502258,147.729813,178.018417,157.694199
198,3.300000,112.471878,146.290802,20.461426,58.203999,150.718445,18.678879,2.637300,152.657364,92.066826,159.699875,160.758026,97.429352,15.582986,151.519379,54.678566,150.758545,152.338318,58.884747,84.546028,153.450806,14.445484,14.251495,180.074371,162.111511,51.081718,197.426147,192.644943,80.494843,196.446045,199.177750,105.981903,199.796326,193.501236,147.731537,178.018387,157.699005
199,3.316667,112.475189,146.292740,20.462856,58.189766,150.724121,18.669943,2.638018,152.665268,92.068146,159.703476,160.755661,97.421669,15.583054,151.520050,54.677532,150.763474,152.339508,58.886990,84.551399,153.448608,14.447504,14.249834,180.080566,162.107132,51.082520,197.428879,192.642838,80.493980,196.441193,199.173447,105.983269,199.797729,193.502426,147.727783,178.017105,157.692490
200,3.333333,112.471786,146.289429,20.463184,58.199539,150.716614,18.679562,2.636668,152.657837,92.066895,159.716217,160.767136,97.425636,15.583990,151.520432,54.677151,150.757874,152.335953,58.884941,84.548927,153.447632,14.447197,14.249139,180.075180,162.110123,51.079750,197.425369,192.643677,80.492592,196.440689,199.177795,105.980560,199.795715,193.503937,147.726883,178.017609,157.697021
201,3.350000,112.473755,146.290115,20.463661,58.200462,150.723755,18.675348,2.636670,152.660492,92.067024,159.704712,160.757233,97.423416,15.581824,151.521912,54.678669,150.760208,152.334747,58.886368,84.547981,153.452347,14.446386,14.251907,180.075958,162.109634,51.081615,197.427612,192.645462,80.496735,196.441467,199.178024,105.986183,199.797226,193.499863,147.729355,178.015350,157.694260
202,3.366667,112.471832,146.294678,20.460665,58.186928,150.726822,18.670349,2.634843,152.663589,92.066895,159.701508,160.759796,97.425278,15.584119,151.523346,54.678200,150.760910,152.337418,58.887951,84.548569,153.450912,14.446887,14.246994,180.079132,162.109497,51.082489,197.429932,192.642365,80.497452,196.439880,199.176971,105.982857,199.794220,193.502319,147.730377,178.018021,157.697266
203,3.383333,112.472153,146.296783,20.461903,58.201252,150.719360,18.677244,2.638264,152.655823,92.067818,159.722336,160.769806,97.427849,15.582703,151.521317,54.677677,150.759399,152.337952,58.883808,84.533447,153.431107,14.444191,14.250942,180.072708,162.112289,51.084229,197.428116,192.642746,80.494797,196.441788,199.177734,105.983955,199.793823,193.499573,147.727448,178.016617,157.698868
204,3.400000,112.474457,146.292587,20.465120,58.202038,150.716888,18.676088,2.634690,152.661545,92.067276,159.704193,160.759995,97.422607,15.583512,151.521347,54.675224,150.761993,152.336075,58.887665,84.549698,153.450546,14.447731,14.246640,180.079910,162.108765,51.079765,197.430267,192.640747,80.495483,196.442520,199.174850,105.981873,199.799301,193.500351,147.729279,178.016312,157.693176
205,3.416667,112.468849,146.294586,20.462498,58.187195,150.724869,18.669203,2.636932,152.656052,92.069046,159.715012,160.767822,97.430817,15.582899,151.522858,54.673656,150.758041,152.332336,58.884422,84.547546,153.449249,14.443666,14.248925,180.077774,162.112595,51.081375,197.428940,192.643463,80.496170,196.438507,199.174393,105.984421,199.795944,193.502747,147.727753,178.017197,157.693436
206,3.433333,112.472733,146.298996,20.457224,58.204586,150.719437,18.675491,2.637275,152.653595,92.068100,159.702118,160.759705,97.429756,15.582015,151.521622,54.674068,150.759171,152.335022,58.885727,84.548599,153.448914,14.446245,14.249125,180.079102,162.110886,51.081902,197.428864,192.645569,80.497444,196.437805,199.175613,105.983315,199.789963,193.501297,147.729614,178.016235,157.697174
207,3.450000,112.470612,146.289734,20.463408,58.202465,150.720764,18.675526,2.638849,152.656708,92.067810,159.717300,160.763077,97.427948,15.581491,151.522858,54.676613,150.759705,152.337616,58.885860,84.546989,153.449921,14.446761,14.248413,180.076385,162.111404,51.081623,197.427826,192.643936,80.495491,196.439514,199.175583,105.983124,199.793869,193.502258,147.728226,178.019012,157.700058
208,3.466667,112.468895,146.291718,20.462200,58.199291,150.718704,18.677723,2.635855,152.655060,92.066261,159.704163,160.757141,97.427063,15.582624,151.517975,54.675804,150.760834,152.337021,58.885834,84.548172,153.455536,14.445566,14.249046,180.073578,162.110062,51.081921,197.425690,192.643784,80.496140,196.441269,199.175003,105.983582,199.793396,193.502594,147.728638,178.015533,157.699203
209,3.483333,112.471848,146.300491,20.457729,58.203201,150.718063,18.677914,2.637498,152.660049,92.066254,159.705383,160.755478,97.424149,15.582265,151.522278,54.676323,150.761032,152.337936,58.886929,84.549782,153.452774,14.444808,14.250951,180.078873,162.109695,51.080559,197.426971,192.642288,80.498642,196.434937,199.172882,105.984550,199.791901,193.499817,147.727951,178.015549,157.694870
210,3.500000,112.472916,146.290466,20.464808,58.200565,150.716812,18.676231,2.636106,152.657394,92.069344,159.703430,160.755325,97.430351,15.582734,151.519592,54.675854,150.757339,152.336136,58.885445,84.531708,153.434219,14.443203,14.252235,180.071365,162.110489,51.084084,197.426727,192.642990,80.498131,196.438614,199.177048,105.984940,199.790863,193.501465,147.727264,178.015091,157.701447
211,3.516667,112.468880,146.294205,20.461575,58.201927,150.714066,18.679459,2.637243,152.653381,92.068893,159.715591,160.766434,97.427025,15.582753,151.522598,54.677639,150.761292,152.336456,58.884182,84.546547,153.454224,14.443365,14.251953,180.076050,162.111450,51.083725,197.429764,192.643723,80.494644,196.438477,199.175308,105.982780,199.794693,193.503754,147.729538,178.012085,157.699768
212,3.533333,112.471420,146.290222,20.463333,58.203529,150.719467,18.679207,2.637145,152.661606,92.065254,159.698654,160.754837,97.424065,15.580479,151.520203,54.678944,150.749817,152.361557,58.871693,84.548706,153.453888,14.443232,14.251607,180.079727,162.108429,51.081890,197.430542,192.642441,80.498123,196.439941,199.175003,105.982407,199.794907,193.498489,147.725739,178.016754,157.698761
213,3.550000,112.464523,146.313690,20.454363,58.189945,150.730103,18.667189,2.640167,152.657837,92.066040,159.700119,160.753326,97.425377,15.583797,151.519028,54.676662,150.747894,152.361771,58.870167,84.551079,153.446411,14.445223,14.253664,180.077988,162.111725,51.085716,197.429245,192.642990,80.496323,196.437653,199.174088,105.984154,199.793137,193.499405,147.726852,178.013657,157.700775
214,3.566667,112.467567,146.294235,20.462095,58.202061,150.718414,18.677853,2.640512,152.664108,92.063919,159.699707,160.755417,97.426071,15.583479,151.520676,54.674885,150.759872,152.337143,58.883831,84.551971,153.450073,14.443561,14.252391,180.075485,162.107224,51.083080,197.431335,192.642181,80.498619,196.442703,199.173889,105.984940,199.793030,193.498642,147.727539,178.017456,157.698380
215,3.583333,112.473877,146.292801,20.459562,58.200806,150.723938,18.677053,2.639046,152.659607,92.069489,159.699036,160.754913,97.424965,15.583273,151.521118,54.675255,150.757980,152.338425,58.884537,84.548233,153.453781,14.445093,14.254274,180.073502,162.110901,51.086662,197.426682,192.643051,80.500710,196.443909,199.176346,105.988243,199.795959,193.502106,147.729797,178.016281,157.695786
216,3.600000,112.469452,146.294708,20.460800,58.190365,150.730713,18.664268,2.641863,152.658127,92.066818,159.701981,160.754822,97.426033,15.582384,151.522018,54.674988,150.758347,152.337036,58.886608,84.548210,153.452545,14.444003,14.255246,180.073471,162.109879,51.085033,197.429153,192.643112,80.500298,196.442078,199.174194,105.987198,199.795044,193.499802,147.731384,178.014313,157.696243
217,3.616667,112.472992,146.295868,20.462692,58.198765,150.722488,18.676748,2.637043,152.665436,92.065933,159.703110,160.757843,97.425034,15.581676,151.521149,54.675575,150.757523,152.338333,58.881683,84.544083,153.453491,14.445986,14.250316,180.079407,162.108627,51.082806,197.428314,192.642883,80.496323,196.441849,199.172516,105.986298,199.799484,193.501099,147.728806,178.015060,157.694885
218,3.633333,112.471260,146.293549,20.457268,58.201042,150.720901,18.676397,2.640181,152.652725,92.069160,159.708176,160.760620,97.422913,15.583366,151.523300,54.675518,150.757874,152.334641,58.883583,84.533180,153.430176,14.446506,14.252197,180.075409,162.108582,51.087193,197.430359,192.642715,80.497665,196.444824,199.176910,105.989304,199.796997,193.503555,147.730804,178.016953,157.695389
219,3.650000,112.469406,146.293564,20.460754,58.202938,150.721375,18.680428,2.637465,152.659485,92.066292,159.705551,160.762466,97.427078,15.582702,151.521744,54.677006,150.759018,152.340652,58.888706,84.547768,153.452911,14.442927,14.252030,180.073883,162.110809,51.084599,197.426926,192.643372,80.497780,196.447037,199.176041,105.986290,199.799133,193.502640,147.731384,178.018448,157.694336
220,3.666667,112.466125,146.311646,20.457224,58.187111,150.729645,18.667818,2.640716,152.657318,92.067627,159.720383,160.771393,97.428162,15.584566,151.519241,54.677677,150.758469,152.335190,58.886246,84.546707,153.452118,14.445936,14.254560,180.077789,162.112747,51.084229,197.429733,192.643311,80.500763,196.443710,199.176132,105.988792,199.796417,193.504242,147.732422,178.018646,157.695572
221,3.683333,112.472939,146.296234,20.455942,58.202324,150.719147,18.676609,2.639406,152.660233,92.064949,159.702744,160.761078,97.424637,15.581491,151.516495,54.681137,150.759476,152.336823,58.884365,84.546631,153.447021,14.446534,14.252229,180.075943,162.111481,51.082157,197.431198,192.643082,80.498039,196.439850,199.174011,105.986664,199.794769,193.499908,147.731400,178.020447,157.699677
222,3.700000,112.473862,146.293961,20.461023,58.201923,150.719162,18.676353,2.638446,152.658905,92.063591,159.706833,160.758850,97.425056,15.584944,151.517929,54.678082,150.760468,152.338257,58.881260,84.550491,153.449966,14.445988,14.251133,180.082611,162.108994,51.082947,197.430695,192.645050,80.498466,196.440964,199.173706,105.985146,199.796082,193.502625,147.730164,178.018295,157.697678
223,3.716667,112.467712,146.313034,20.455153,58.186329,150.730103,18.668413,2.638871,152.657272,92.067596,159.704865,160.757919,97.426743,15.584043,151.522858,54.675369,150.748932,152.363098,58.874523,84.550117,153.450317,14.444619,14.249384,180.075851,162.111847,51.081753,197.428131,192.643509,80.497383,196.443771,199.177277,105.985329,199.798752,193.502823,147.728622,178.021011,157.700012
224,3.733333,112.471588,146.292511,20.461708,58.202942,150.715820,18.679625,2.638658,152.660843,92.065666,159.704697,160.759140,97.426880,15.584085,151.524246,54.678059,150.758514,152.334091,58.886166,84.533463,153.432404,14.445203,14.249823,180.075821,162.112289,51.082184,197.428284,192.642288,80.498123,196.440948,199.177185,105.986488,199.799210,193.503433,147.732162,178.017090,157.695251
225,3.750000,112.473106,146.297729,20.459116,58.204731,150.721237,18.677855,2.637132,152.655075,92.068413,159.705917,160.759979,97.428070,15.583177,151.523178,54.678120,150.759171,152.337570,58.886726,84.550201,153.450470,14.444829,14.250991,180.074539,162.110626,51.084820,197.430344,192.643829,80.495537,196.443329,199.179916,105.988152,199.795700,193.503387,147.731033,178.018845,157.697067
226,3.766667,112.473381,146.296005,20.460426,58.203014,150.718155,18.678295,2.634302,152.663925,92.068314,159.704422,160.757690,97.427200,15.583696,151.525208,54.677410,150.761246,152.337601,58.885651,84.552444,153.451630,14.446736,14.251624,180.078842,162.112747,51.081635,197.425797,192.643631,80.498810,196.442429,199.176315,105.985535,199.796692,193.502823,147.728622,178.014893,157.694000
227,3.783333,112.473434,146.291962,20.463825,58.203671,150.723145,18.678196,2.633561,152.661835,92.065575,159.702820,160.761780,97.422775,15.585402,151.520126,54.677856,150.759552,152.338989,58.884060,84.546875,153.453262,14.447778,14.251254,180.078659,162.110733,51.081387,197.428741,192.642029,80.497849,196.444046,199.177170,105.984726,199.795181,193.502518,147.728806,178.017059,157.693741
228,3.800000,112.473076,146.292465,20.461887,58.203472,150.723099,18.676395,2.638417,152.661743,92.067986,159.702927,160.756210,97.426781,15.581953,151.519455,54.679008,150.759109,152.339050,58.884552,84.548988,153.453934,14.444515,14.250875,180.074478,162.113495,51.081612,197.427094,192.644974,80.496796,196.442322,199.176514,105.982361,199.791168,193.501266,147.728516,178.018341,157.698135
229,3.816667,112.473106,146.303314,20.458237,58.203884,150.721298,18.677349,2.635363,152.665695,92.065956,159.706192,160.758286,97.424194,15.585059,151.518463,54.677296,150.759033,152.336441,58.885166,84.552795,153.450470,14.446830,14.247698,180.078354,162.110321,51.080868,197.429886,192.642563,80.495415,196.443344,199.174149,105.982811,199.795563,193.500610,147.725754,178.016266,157.694458
230,3.833333,112.473068,146.291458,20.461767,58.189949,150.725815,18.665731,2.636488,152.659927,92.067917,159.700546,160.755890,97.429085,15.587747,151.518356,54.679211,150.759903,152.336121,58.887444,84.550278,153.450241,14.445201,14.253030,180.075348,162.113525,51.081623,197.429031,192.646042,80.493805,196.440125,199.175110,105.986366,199.794159,193.501297,147.726929,178.015717,157.694641
231,3.850000,112.472221,146.312027,20.457655,58.205910,150.717758,18.678295,2.637984,152.657410,92.065849,159.704071,160.759628,97.424393,15.584127,151.521408,54.674831,150.761627,152.335831,58.884892,84.549583,153.453873,14.446860,14.249745,180.075470,162.111923,51.081234,197.427505,192.642548,80.494965,196.441223,199.176270,105.984108,199.796295,193.501907,147.727142,178.014572,157.694397
232,3.866667,112.474800,146.297440,20.457537,58.192528,150.724930,18.666460,2.635998,152.662384,92.068550,159.699875,160.754883,97.419861,15.582724,151.519440,54.678360,150.748260,152.360031,58.873363,84.548622,153.451370,14.446002,14.248604,180.080643,162.111984,51.081573,197.430893,192.641327,80.495842,196.439804,199.175552,105.985367,199.794312,193.499985,147.728012,178.015625,157.695557
233,3.883333,112.469955,146.315536,20.454048,58.206581,150.717484,18.677572,2.639126,152.656021,92.067612,159.700089,160.755035,97.424942,15.582250,151.519272,54.675980,150.759689,152.338791,58.885708,84.546059,153.454193,14.443271,14.250900,180.075531,162.112350,51.083939,197.426941,192.643448,80.497826,196.443497,199.179123,105.985062,199.796143,193.503418,147.724808,178.012054,157.693542
234,3.900000,112.472099,146.290787,20.460875,58.206425,150.720688,18.676092,2.639351,152.659653,92.066681,159.700317,160.755173,97.423454,15.584978,151.525925,54.676968,150.762589,152.333847,58.886368,84.548515,153.453354,14.445973,14.249449,180.082932,162.112625,51.082878,197.428177,192.643875,80.498238,196.442307,199.175522,105.982300,199.797775,193.501450,147.727615,178.013519,157.694473
235,3.916667,112.470787,146.294357,20.461008,58.203876,150.719208,18.675983,2.636795,152.660492,92.067787,159.700180,160.755249,97.426964,15.584111,151.520554,54.678673,150.757462,152.334854,58.886829,84.550430,153.452225,14.447504,14.250886,180.077347,162.110321,51.081787,197.426956,192.645142,80.497276,196.445328,199.177963,105.987045,199.795593,193.501297,147.727341,178.012848,157.695694
236,3.933333,112.471931,146.285980,20.462095,58.201973,150.715790,18.677778,2.635006,152.659500,92.065170,159.698975,160.753967,97.418945,15.583878,151.517654,54.677513,150.758636,152.335159,58.883602,84.548019,153.451721,14.440565,14.248393,180.078522,162.110718,51.081497,197.428864,192.645218,80.493492,196.439697,199.174164,105.983376,199.798920,193.502701,147.725739,178.011642,157.694000
237,3.950000,112.467392,146.310959,20.459219,58.190582,150.727112,18.666214,2.636120,152.660263,92.068893,159.700943,160.755035,97.420837,15.584042,151.519043,54.674847,150.757782,152.337708,58.880100,84.546989,153.452606,14.443825,14.248137,180.078522,162.112976,51.082878,197.427597,192.642792,80.496902,196.444458,199.176132,105.983803,199.795563,193.499893,147.726990,178.017792,157.695419
238,3.966667,112.471321,146.293274,20.459637,58.200031,150.716476,18.675838,2.638303,152.657303,92.066833,159.701996,160.756241,97.428596,15.583110,151.519165,54.676853,150.757156,152.335342,58.881336,84.545952,153.451309,14.443684,14.251483,180.072235,162.110550,51.086044,197.428452,192.645370,80.496819,196.443176,199.178406,105.985184,199.796707,193.503571,147.730484,178.010223,157.697296
239,3.983333,112.469292,146.308914,20.456299,58.188694,150.729935,18.662939,2.635051,152.661835,92.065971,159.700943,160.756805,97.422813,15.584052,151.518860,54.675415,150.757996,152.337173,58.883495,84.547493,153.451080,14.444746,14.252685,180.075714,162.111099,51.079659,197.429260,192.642105,80.494728,196.441483,199.174530,105.984810,199.798035,193.503159,147.726501,178.012222,157.693680
240,4.000000,112.473305,146.295441,20.457209,58.187771,150.726959,18.662352,2.638057,152.657776,92.066780,159.698914,160.750107,97.423027,15.584088,151.517517,54.676006,150.755264,152.336746,58.881115,84.544243,153.454147,14.444036,14.250368,180.072800,162.110580,51.081898,197.429581,192.644119,80.498184,196.443390,199.175751,105.983620,199.797531,193.504196,147.728424,178.011856,157.696304
241,4.016667,112.472198,146.295303,20.455122,58.202866,150.718414,18.674805,2.633466,152.662354,92.063751,159.702530,160.757004,97.424690,15.579566,151.522018,54.676384,150.760330,152.334549,58.884533,84.547890,153.448349,14.443800,14.250735,180.077637,162.108780,51.083363,197.428452,192.642258,80.497635,196.445419,199.173691,105.985451,199.797241,193.501755,147.720016,178.024734,157.699234
242,4.033333,112.469177,146.309189,20.454512,58.201912,150.717651,18.680407,2.637061,152.655487,92.067383,159.700775,160.757706,97.425232,15.586177,151.515991,54.676411,150.759171,152.336487,58.888100,84.549606,153.453827,14.444256,14.248815,180.076584,162.109161,51.081848,197.428314,192.645798,80.496361,196.437775,199.176285,105.983322,199.796951,193.503830,147.725525,178.012115,157.693878
243,4.050000,112.472023,146.293564,20.460621,58.204918,150.715332,18.675274,2.638794,152.656326,92.067963,159.702347,160.753296,97.423065,15.584331,151.517960,54.678043,150.760925,152.335815,58.882759,84.548447,153.452316,14.444567,14.250811,180.075531,162.109634,51.083553,197.429001,192.644058,80.497597,196.441101,199.176453,105.986183,199.792358,193.500870,147.730194,178.014908,157.696228
244,4.066667,112.471092,146.295166,20.461485,58.203392,150.720657,18.677200,2.635944,152.657410,92.065224,159.700226,160.755112,97.426109,15.585225,151.519241,54.675137,150.760773,152.331421,58.884254,84.546730,153.448517,14.444180,14.247879,180.077850,162.108917,51.081470,197.428772,192.641418,80.496269,196.438751,199.173584,105.983017,199.796036,193.500153,147.727325,178.015289,157.692505
